date,ave_cloud_cover
2015-01-01,0.6871408504660963
2015-01-02,0.9657770399693526
2015-01-03,0.9025667220022986
2015-01-04,0.9771421274422168
2015-01-05,0.8705146213765803
2015-01-06,0.8585110458434427
2015-01-07,0.6862469671817137
2015-01-08,0.7184267654194867
2015-01-09,0.9651385519090793
2015-01-10,0.8926063082620355
2015-01-11,0.8005363299706295
2015-01-12,0.9037160005107905
2015-01-13,0.7122972800408632
2015-01-14,0.3880730430340953
2015-01-15,0.863618950325629
2015-01-16,0.9629676925041502
2015-01-17,0.7978546801174818
2015-01-18,0.915719576043928
2015-01-19,0.9673094113140084
2015-01-20,0.9887626101391904
2015-01-21,0.98531477461371475
2015-01-22,0.9347465202400715
2015-01-23,0.9661601328055165
2015-01-24,0.9152087855957094
2015-01-25,0.9685863874345549
2015-01-26,0.9366619844208913
2015-01-27,0.9542842548844337
2015-01-28,0.9063976503639382
2015-01-29,0.8402502873196271
2015-01-30,0.9697356659430468
2015-01-31,0.9969352573106883
2015-02-01,0.785212616524071
2015-02-02,0.8061550249010343
2015-02-03,0.9065253479759928
2015-02-04,0.6478099859532627
2015-02-05,0.8850721491508109
2015-02-06,0.9001404673732601
2015-02-07,0.8159877410292428
2015-02-08,0.9708849444515387
2015-02-09,0.8141999744604775
2015-02-10,0.6086068190524837
2015-02-11,0.8388456135870259
2015-02-12,0.5900906653045588
2015-02-13,0.5425871536202272
2015-02-14,0.7162559060145576
2015-02-15,0.8895415655727238
2015-02-16,0.5302004852509258
2015-02-17,0.29332141488954155
2015-02-18,0.27506065636572596
2015-02-19,0.9125271357425616
2015-02-20,0.7296641552802963
2015-02-21,0.5682543736432129
2015-02-22,0.5995402885966032
2015-02-23,0.8042395607202145
2015-02-24,0.7944068445920062
2015-02-25,0.7421785212616524
2015-02-26,0.9232537351551526
2015-02-27,0.7513727493295875
2015-02-28,0.9777806155024901
2015-03-01,0.9522410930915592
2015-03-02,0.9329587536713063
2015-03-03,0.9044821861831184
2015-03-04,0.7014429830162175
2015-03-05,0.7186821606435959
2015-03-06,0.8048780487804879
2015-03-07,0.5949431745626357
2015-03-08,0.24607329842931938
2015-03-09,0.03217979823777296
2015-03-10,0.05886859915719576
2015-03-11,0.3843698122845103
2015-03-12,0.9528795811518325
2015-03-13,0.9989784191035628
2015-03-14,0.9609245307112757
2015-03-15,0.6742433916485762
2015-03-16,0.10764908696207381
2015-03-17,0.33405695313497635
2015-03-18,0.6992721236112884
2015-03-19,0.7213638104967437
2015-03-20,0.5331375303281829
2015-03-21,0.27506065636572596
2015-03-22,0.5000638488060273
2015-03-23,0.334184650747031
2015-03-24,0.1729025667220023
2015-03-25,0.15004469416421912
2015-03-26,0.6097560975609756
2015-03-27,0.7451155663389094
2015-03-28,0.8569786744987868
2015-03-29,0.993359724173158
2015-03-30,0.9729281062444133
2015-03-31,0.9703741540033202
2015-04-01,0.9080577193206487
2015-04-02,0.9416421912910229
2015-04-03,0.8671944834631592
2015-04-04,0.9730558038564678
2015-04-05,0.7728259481547695
2015-04-06,0.863235857489465
2015-04-07,0.9800791725194739
2015-04-08,0.7898097305580386
2015-04-09,0.3034095262418593
2015-04-10,0.025284127186821607
2015-04-11,0.0011492785084918913
2015-04-12,0.07355382454348104
2015-04-13,0.25003192440301364
2015-04-14,0.7988762610139191
2015-04-15,0.8571063721108415
2015-04-16,0.4276593027710382
2015-04-17,0.6008172647171498
2015-04-18,0.926829268292683
2015-04-19,0.904226790959009
2015-04-20,0.9805899629676925
2015-04-21,0.9304048014302132
2015-04-22,0.9240199208274805
2015-04-23,0.4557527774230622
2015-04-24,0.13995658281190143
2015-04-25,0.17609500702336867
2015-04-26,0.2206614736304431
2015-04-27,0.12833610011492785
2015-04-28,0.08032179798237774
2015-04-29,0.7794662239816116
2015-04-30,0.5539522410930916
2015-05-01,0.6444898480398417
2015-05-02,0.8002809347465203
2015-05-03,0.8147107649086962
2015-05-04,0.5839611799259354
2015-05-05,0.693908823904993
2015-05-06,0.39279785468011746
2015-05-07,0.6429574766951858
2015-05-08,0.7950453326522794
2015-05-09,0.5533137530328183
2015-05-10,0.35487166389988506
2015-05-11,0.4971268037287703
2015-05-12,0.29932320265611034
2015-05-13,0.5644234452815733
2015-05-14,0.6460222193844976
2015-05-15,0.8444643085174307
2015-05-16,0.5074703103051973
2015-05-17,0.6178010471204188
2015-05-18,0.4678840505682544
2015-05-19,0.20648703869237645
2015-05-20,0.04980206870131529
2015-05-21,0.12488826458945218
2015-05-22,0.20367769122717405
2015-05-23,0.21517047631209296
2015-05-24,0.25654450261780104
2015-05-25,0.20482696973566594
2015-05-26,0.404801430213255
2015-05-27,0.6489592644617546
2015-05-28,0.8987357936406589
2015-05-29,0.926829268292683
2015-05-30,0.6000510790448219
2015-05-31,0.5879198058996297
2015-06-01,0.36304431107138296
2015-06-02,0.2423700676797344
2015-06-03,0.09641169710126421
2015-06-04,0.33175839611799257
2015-06-05,0.12756991444259994
2015-06-06,0.011620482696973567
2015-06-07,0.0011492785084918913
2015-06-08,0.012514365981356149
2015-06-09,0.22257693781126292
2015-06-10,0.10764908696207381
2015-06-11,0.32026561103307366
2015-06-12,0.0641042012514366
2015-06-13,0.03383986719448346
2015-06-14,0.0992210445664666
2015-06-15,0.3248627250670412
2015-06-16,0.6949304048014302
2015-06-17,0.7691227174051846
2015-06-18,0.8505937938960542
2015-06-19,0.788149661601328
2015-06-20,0.8396117992593538
2015-06-21,0.7131911633252458
2015-06-22,0.6508747286425743
2015-06-23,0.47158728131783934
2015-06-24,0.52866811390627
2015-06-25,0.6589196782020176
2015-06-26,0.8857106372110841
2015-06-27,0.8822628016856084
2015-06-28,0.8139445792363683
2015-06-29,0.8145830672966415
2015-06-30,0.8701315285404163
2015-07-01,0.6043927978546801
2015-07-02,0.7719320648703869
2015-07-03,0.47082109564551144
2015-07-04,0.34899757374537094
2015-07-05,0.2754437492018899
2015-07-06,0.1490231132677819
2015-07-07,0.1397011875877921
2015-07-08,0.15285404162942154
2015-07-09,0.3045588047503512
2015-07-10,0.5377346443621505
2015-07-11,0.6609628399948921
2015-07-12,0.7151066275060657
2015-07-13,0.7503511684331503
2015-07-14,0.9378112629293832
2015-07-15,0.7908313114544758
2015-07-16,0.5450134082492657
2015-07-17,0.35014685225386283
2015-07-18,0.2119780360107266
2015-07-19,0.13037926190780233
2015-07-20,0.40531222066147365
2015-07-21,0.4005874090154514
2015-07-22,0.23904992976631337
2015-07-23,0.03716000510790448
2015-07-24,0.21465968586387435
2015-07-25,0.010343506576427021
2015-07-26,0.2482441578342485
2015-07-27,0.5290512067424339
2015-07-28,0.6756480653811774
2015-07-29,0.6077129357681011
2015-07-30,0.5908568509768868
2015-07-31,0.6065636572596093
2015-08-01,0.17775507598007917
2015-08-02,0.05580385646788405
2015-08-03,0.08300344783552548
2015-08-04,0.08760056186949304
2015-08-05,0.0989656493423573
2015-08-06,0.10024262546290384
2015-08-07,0.06729664155280296
2015-08-08,8.938832843825821e-4
2015-08-09,0.002426254629038437
2015-08-10,0.021836291661345934
2015-08-11,0.08134337887881497
2015-08-12,0.4567743583194994
2015-08-13,0.43723662367513727
2015-08-14,0.4351934618822628
2015-08-15,0.49061422551398287
2015-08-16,0.20993487421785212
2015-08-17,0.31694547311965265
2015-08-18,0.8297790831311455
2015-08-19,0.6341463414634146
2015-08-20,0.6204826969735666
2015-08-21,0.7603115821734133
2015-08-22,0.29728004086323584
2015-08-23,0.4124632869365343
2015-08-24,0.1563018771548972
2015-08-25,0.09577320904099093
2015-08-26,0.38117737198314394
2015-08-27,0.20303920316690077
2015-08-28,0.15170476312092965
2015-08-29,0.23624058230111097
2015-08-30,0.011492785084918912
2015-08-31,0.07406461499169965
2015-09-01,0.04660962839994892
2015-09-02,0.040863235857489466
2015-09-03,0.3320137913421019
2015-09-04,0.36138424211467246
2015-09-05,0.4174434938066658
2015-09-06,0.6960796833099221
2015-09-07,0.6337632486272506
2015-09-08,0.7027199591367641
2015-09-09,0.5150044694164219
2015-09-10,0.4694164219129102
2015-09-11,0.39739496871408503
2015-09-12,0.6585365853658537
2015-09-13,0.8251819690971779
2015-09-14,0.4634146341463415
2015-09-15,0.47643979057591623
2015-09-16,0.3289490486527902
2015-09-17,0.2873196271229728
2015-09-18,0.0025539522410930916
2015-09-19,0.04201251436598136
2015-09-20,0.24007151066275062
2015-09-21,0.49559443238411444
2015-09-22,0.256927595453965
2015-09-23,0.21938449750989655
2015-09-24,0.3277997701442983
2015-09-25,0.36981228451027964
2015-09-26,0.3654705657004214
2015-09-27,0.49048652790192826
2015-09-28,0.5851104584344273
2015-09-29,0.6032435193461883
2015-09-30,0.6202273017494573
2015-10-01,0.387051462137658
2015-10-02,0.1946111607712936
2015-10-03,0.20827480526114162
2015-10-04,0.11760950070233686
2015-10-05,0.37913421019026944
2015-10-06,0.5588047503511684
2015-10-07,0.4063338015579109
2015-10-08,0.1827352828502107
2015-10-09,0.34823138807304305
2015-10-10,0.2935768101136509
2015-10-11,0.6797343889669263
2015-10-12,0.5270080449495594
2015-10-13,0.7629932320265611
2015-10-14,0.5474396628783041
2015-10-15,0.3436342740390755
2015-10-16,0.26471714978929894
2015-10-17,0.46430851743072404
2015-10-18,0.567488187970885
2015-10-19,0.655088749840378
2015-10-20,0.8163708338654068
2015-10-21,0.9627122972800408
2015-10-22,0.9886349125271358
2015-10-23,0.8583833482313881
2015-10-24,0.9533903716000511
2015-10-25,0.7669518580002554
2015-10-26,0.8781764780998595
2015-10-27,0.574128463797727
2015-10-28,0.39790575916230364
2015-10-29,0.11671561741795429
2015-10-30,0.11837568637466479
2015-10-31,0.002043161792874473
2015-11-01,0.31911633252458177
2015-11-02,0.8021963989273401
2015-11-03,0.5742561614097816
2015-11-04,0.48014302132550124
2015-11-05,0.5234325118120291
2015-11-06,0.7384752905120674
2015-11-07,0.7327288979696079
2015-11-08,0.724939343634274
2015-11-09,0.9913165623802835
2015-11-10,0.9894010981994636
2015-11-11,0.9214659685863874
2015-11-12,0.7799770144298301
2015-11-13,0.7580130251564295
2015-11-14,0.919422806793513
2015-11-15,0.7733367386029881
2015-11-16,0.9523687907036138
2015-11-17,0.8553186055420764
2015-11-18,0.96488315668497
2015-11-19,0.6819052483718554
2015-11-20,0.9750989656493424
2015-11-21,1
2015-11-22,0.9849316817775507
2015-11-23,0.9416421912910229
2015-11-24,0.8643851359979569
2015-11-25,0.9177627378368024
2015-11-26,0.8508491891201635
2015-11-27,0.7443493806665815
2015-11-28,0.6576427020814711
2015-11-29,0.989656493423573
2015-11-30,0.9132933214148895
2015-12-01,0.7405184523049418
2015-12-02,0.9526241859277231
2015-12-03,0.7859788021963989
2015-12-04,0.7926190780232409
2015-12-05,0.8922232154258716
2015-12-06,0.9651385519090793
2015-12-07,0.5291789043544886
2015-12-08,0.3539777806155025
2015-12-09,0.7663133699399821
2015-12-10,0.964116971012642
2015-12-11,0.7771676669646278
2015-12-12,0.9886349125271358
2015-12-13,0.7244285531860554
2015-12-14,0.8844336610905376
2015-12-15,0.8064104201251436
2015-12-16,0.41374026305708084
2015-12-17,0.4139956582811901
2015-12-18,0.8564678840505683
2015-12-19,0.9757374537096156
2015-12-20,0.8860937300472481
2015-12-21,0.4588175201123739
2015-12-22,0.664666070744477
2015-12-23,0.7692504150172392
2015-12-24,0.28272251308900526
2015-12-25,0.5725960924530711
2015-12-26,0.7131911633252458
2015-12-27,0.8161154386412974
2015-12-28,0.9080577193206487
2015-12-29,0.6395096411697101
2015-12-30,0.6430851743072404
2015-12-31,0.6023496360618057
2016-01-01,0.7260886221427659
2016-01-02,0.8115183246073299
2016-01-03,0.739752266632614
2016-01-04,0.8088366747541821
2016-01-05,0.8645128336100115
2016-01-06,0.8756225258587664
2016-01-07,0.9959136764142511
2016-01-08,0.9103562763376325
2016-01-09,0.7371983143915208
2016-01-10,0.8869876133316307
2016-01-11,0.8583833482313881
2016-01-12,0.9749712680372877
2016-01-13,0.6807559698633635
2016-01-14,0.7615885582939599
2016-01-15,0.6245690205593155
2016-01-16,0.943813050695952
2016-01-17,0.9997446047758907
2016-01-18,0.9905503767079555
2016-01-19,0.8119014174434938
2016-01-20,0.6850976886732218
2016-01-21,0.7804878048780488
2016-01-22,0.6850976886732218
2016-01-23,0.5531860554207636
2016-01-24,0.5268803473375048
2016-01-25,0.6275060656365726
2016-01-26,0.8436981228451028
2016-01-27,0.9941259098454859
2016-01-28,0.9662878304175712
2016-01-29,0.7190652534797599
2016-01-30,0.49214659685863876
2016-01-31,0.9742050823649597
2016-02-01,0.9067807432001022
2016-02-02,0.8431873323968841
2016-02-03,0.9375558677052739
2016-02-04,0.9871025411824799
2016-02-05,0.9291278253096668
2016-02-06,0.7569914442599923
2016-02-07,0.3497637594176989
2016-02-08,0.5047886604520495
2016-02-09,0.7732090409909335
2016-02-10,0.8004086323585748
2016-02-11,0.9341080321797982
2016-02-12,0.6116715617417954
2016-02-13,0.9840377984931682
2016-02-14,0.756736049035883
2016-02-15,0.6886732218107522
2016-02-16,0.6997829140595071
2016-02-17,0.5256033712169582
2016-02-18,0.2907674626484485
2016-02-19,NA
2016-02-20,NA
2016-02-21,NA
2016-02-22,NA
2016-02-23,NA
2016-02-24,NA
2016-02-25,NA
2016-02-26,NA
2016-02-27,NA
2016-02-28,0.8923509130379262
2016-02-29,0.9613076235474397
2016-03-01,0.9858255650619333
2016-03-02,0.8964372366236751
2016-03-03,0.9343634274039075
2016-03-04,0.9911888647682289
2016-03-05,0.9287447324735028
2016-03-06,0.900523560209424
2016-03-07,0.7595453965010854
2016-03-08,0.7462648448474013
2016-03-09,0.5451411058613204
2016-03-10,0.6799897841910356
2016-03-11,0.9134210190269442
2016-03-12,0.883922870642319
2016-03-13,0.9221044566466607
2016-03-14,0.8950325628910739
2016-03-15,0.8067935129613076
2016-03-16,0.22219384497509898
2016-03-17,0.8245434810369046
2016-03-18,0.8710254118247989
2016-03-19,0.9038436981228452
2016-03-20,0.7803601072659941
2016-03-21,0.9093346954411953
2016-03-22,0.8268420380538883
2016-03-23,0.8877537990039587
2016-03-24,0.9547950453326522
2016-03-25,0.8554463031541311
2016-03-26,0.7355382454348104
2016-03-27,0.5954539650108543
2016-03-28,0.6298046226535564
2016-03-29,0.45166645383731324
2016-03-30,0.6577703996935257
2016-03-31,0.7719320648703869
2016-04-01,0.7217469033329077
2016-04-02,0.7712935768101137
2016-04-03,0.23381432767207252
2016-04-04,0.36674754182096797
2016-04-05,0.16038820074064614
2016-04-06,0.22525858766441068
2016-04-07,0.23215425871536202
2016-04-08,0.39662878304175714
2016-04-09,0.6628783041757119
2016-04-10,0.46034989145702976
2016-04-11,0.6137147235346699
2016-04-12,0.6069467500957733
2016-04-13,0.6206103945856213
2016-04-14,0.5530583578087089
2016-04-15,0.8932447963223088
2016-04-16,0.3998212233431235
2016-04-17,0.32856595581662623
2016-04-18,0.3936917379645001
2016-04-19,0.8147107649086962
2016-04-20,0.9071638360362662
2016-04-21,0.7804878048780488
2016-04-22,0.4655854935512706
2016-04-23,0.4267654194866556
2016-04-24,0.7008044949559443
2016-04-25,0.8246711786489592
2016-04-26,0.9516026050312859
2016-04-27,0.6299323202656111
2016-04-28,0.47439662878304173
2016-04-29,0.327544374920189
2016-04-30,0.6432128719192951
2016-05-01,0.5534414506448729
2016-05-02,0.4630315413101775
2016-05-03,0.549355127059124
2016-05-04,0.7073170731707317
2016-05-05,0.6585365853658537
2016-05-06,0.665432256416805
2016-05-07,0.8493168177755076
2016-05-08,0.6458945217724429
2016-05-09,0.493168177755076
2016-05-10,0.390754692887243
2016-05-11,0.6756480653811774
2016-05-12,0.7552036776912272
2016-05-13,0.7622270463542332
2016-05-14,0.7756352956199719
2016-05-15,0.7867449878687268
2016-05-16,0.7429447069339803
2016-05-17,0.8448474013535947
2016-05-18,0.767845741284638
2016-05-19,0.8514876771804367
2016-05-20,0.5860043417188099
2016-05-21,0.5346699016728387
2016-05-22,0.4139956582811901
2016-05-23,0.5789809730558039
2016-05-24,0.5879198058996297
2016-05-25,0.7488187970884944
2016-05-26,0.7161282084025029
2016-05-27,0.7237900651257821
2016-05-28,0.6655599540288597
2016-05-29,0.7208530200485251
2016-05-30,0.7527774230621888
2016-05-31,0.8036010726599413
2016-06-01,0.6964627761460861
2016-06-02,0.8122845102796578
2016-06-03,0.7502234708210956
2016-06-04,0.5746392542459456
2016-06-05,0.3203933086451283
2016-06-06,0.6176733495083642
2016-06-07,0.7492018899246584
2016-06-08,0.6999106116715618
2016-06-09,0.5756608351423829
2016-06-10,0.6534286808836675
2016-06-11,0.7903205210062572
2016-06-12,0.78189247861065
2016-06-13,0.847656748818797
2016-06-14,0.760439279785468
2016-06-15,0.9007789554335334
2016-06-16,0.6441067552036777
2016-06-17,0.1836291661345933
2016-06-18,0.2103179670540161
2016-06-19,0.39739496871408503
2016-06-20,0.2679095900906653
2016-06-21,0.27059123994381307
2016-06-22,0.23917762737836804
2016-06-23,0.2754437492018899
2016-06-24,0.4397905759162304
2016-06-25,0.44272762099348745
2016-06-26,0.13446558549355128
2016-06-27,0.39445792363682797
2016-06-28,0.6355510151960159
2016-06-29,0.8291405950708721
2016-06-30,0.6571319116332525
2016-07-01,0.500574639254246
2016-07-02,0.3140084280423956
2016-07-03,0.37428170093219254
2016-07-04,0.567488187970885
2016-07-05,0.2875750223470821
2016-07-06,0.4985314774613715
2016-07-07,0.7365598263312476
2016-07-08,0.6631336993998213
2016-07-09,0.6086068190524837
2016-07-10,0.8005363299706295
2016-07-11,0.3325245817903205
2016-07-12,0.1368918401225897
2016-07-13,0.020048525092580767
2016-07-14,0.08376963350785341
2016-07-15,0.14391520878559572
2016-07-16,0.15196015834503895
2016-07-17,0.14697995147490742
2016-07-18,0.4745243263950964
2016-07-19,0.8514876771804367
2016-07-20,0.788532754437492
2016-07-21,0.6607074447707828
2016-07-22,0.7825309666709233
2016-07-23,0.598518707700166
2016-07-24,0.6223981611543864
2016-07-25,0.47669518580002557
2016-07-26,0.22679095900906654
2016-07-27,0.21529817392414763
2016-07-28,0.12348359085685098
2016-07-29,0.24913804111863108
2016-07-30,0.34899757374537094
2016-07-31,0.23509130379261908
2016-08-01,0.07406461499169965
2016-08-02,0.3879453454220406
2016-08-03,0.6255906014557527
2016-08-04,0.21044566466607073
2016-08-05,0.0460988379517303
2016-08-06,0.0849189120163453
2016-08-07,0.3077512450517175
2016-08-08,0.05976248244157834
2016-08-09,0.11365087472864258
2016-08-10,0.09590090665304558
2016-08-11,0.3832205337760184
2016-08-12,0.7014429830162175
2016-08-13,0.7857234069722896
2016-08-14,0.753799003958626
2016-08-15,0.5632741667730814
2016-08-16,0.6248244157834248
2016-08-17,0.38615757885327545
2016-08-18,0.43059634784829526
2016-08-19,0.35014685225386283
2016-08-20,0.10011492785084919
2016-08-21,0.12246200996041375
2016-08-22,0.4517941514493679
2016-08-23,0.43136253352062315
2016-08-24,0.6567488187970885
2016-08-25,0.6009449623292045
2016-08-26,0.3761971651130124
2016-08-27,0.16766696462776146
2016-08-28,0.02119780360107266
2016-08-29,0.057719320648703866
2016-08-30,0.3685353083897331
2016-08-31,0.5982633124760567
2016-09-01,0.24415783424849954
2016-09-02,0.2049546673477206
2016-09-03,0.27620993487421786
2016-09-04,0.27403907546928874
2016-09-05,0.30519729281062447
2016-09-06,0.23777295364576684
2016-09-07,0.12974077384752905
2016-09-08,0.087983654705657
2016-09-09,0.2929383220533776
2016-09-10,0.15694036521517046
2016-09-11,0.07866172902566722
2016-09-12,0.08568509768867322
2016-09-13,0.03460605286681139
2016-09-14,0.2117226407866173
2016-09-15,0.3848806027327289
2016-09-16,0.047375814072276846
2016-09-17,0.3432511812029115
2016-09-18,0.810369046098838
2016-09-19,0.6688800919422807
2016-09-20,0.9403652151704763
2016-09-21,0.8781764780998595
2016-09-22,0.7872557783169455
2016-09-23,0.7931298684714596
2016-09-24,0.6241859277231516
2016-09-25,0.7960669135487166
2016-09-26,0.8539139318094752
2016-09-27,0.7760183884561359
2016-09-28,0.637338781764781
2016-09-29,0.9720342229600306
2016-09-30,0.3533392925552292
2016-10-01,0.422168305452688
2016-10-02,0.2682926829268293
2016-10-03,0.38679606691354873
2016-10-04,0.7288979696079684
2016-10-05,0.9593921593666198
2016-10-06,0.6217596730941132
2016-10-07,0.7601838845613587
2016-10-08,0.8678329715234325
2016-10-09,0.7954284254884434
2016-10-10,0.6867577576299323
2016-10-11,0.8785595709360235
2016-10-12,0.9833993104328949
2016-10-13,0.919039713957349
2016-10-14,0.4837185544630315
2016-10-15,0.85212616524071
2016-10-16,0.8457412846379773
2016-10-17,0.2119780360107266
2016-10-18,0.46098837951730304
2016-10-19,0.6077129357681011
2016-10-20,0.7297918528923509
2016-10-21,0.9657770399693526
2016-10-22,0.6360618056442344
2016-10-23,0.9533903716000511
2016-10-24,0.7955561231004981
2016-10-25,0.46175456518963093
2016-10-26,0.6659430468650236
2016-10-27,0.8341208019410037
2016-10-28,0.3995658281190142
2016-10-29,0.8834120801941003
2016-10-30,0.919422806793513
2016-10-31,0.939726727110203
2016-11-01,0.9457285148767718
2016-11-02,0.8812412207891712
2016-11-03,0.8541693270335845
2016-11-04,0.6736049035883029
2016-11-05,0.4678840505682544
2016-11-06,0.9426637721874601
2016-11-07,0.8122845102796578
2016-11-08,0.9591367641425106
2016-11-09,0.9435576554718427
2016-11-10,0.9540288596603244
2016-11-11,0.7287702719959137
2016-11-12,0.5363299706295492
2016-11-13,0.983016217596731
2016-11-14,0.9848039841654961
2016-11-15,0.8966926318477845
2016-11-16,0.9706295492274295
2016-11-17,0.9080577193206487
2016-11-18,0.7771676669646278
2016-11-19,0.7714212744221683
2016-11-20,0.694291916741157
2016-11-21,0.68394841016473
2016-11-22,0.6775635295619972
2016-11-23,0.555612310049802
2016-11-24,0.7809985953262674
2016-11-25,0.9555612310049802
2016-11-26,0.8640020431617929
2016-11-27,0.9779083131145447
2016-11-28,0.7997701442983016
2016-11-29,0.6884178265866429
2016-11-30,0.7446047758906909
2016-12-01,0.9510918145830674
2016-12-02,0.9633507853403142
2016-12-03,0.894266377218746
2016-12-04,0.6636444898480398
2016-12-05,0.5193461882262802
2016-12-06,0.8181586004341719
2016-12-07,0.5018516153747925
2016-12-08,0.9060145575277743
2016-12-09,0.9708849444515387
2016-12-10,0.9882518196909718
2016-12-11,0.8499553058357808
2016-12-12,0.9439407483080067
2016-12-13,0.7074447707827863
2016-12-14,0.8218618311837569
2016-12-15,0.9938705146213765
2016-12-16,0.6313369939982122
2016-12-17,0.8239049929766313
2016-12-18,0.9232537351551526
2016-12-19,0.8899246584088878
2016-12-20,0.9753543608734516
2016-12-21,0.8122845102796578
2016-12-22,0.7015706806282722
2016-12-23,0.6950581024134849
2016-12-24,0.9565828119014175
2016-12-25,0.9687140850466096
2016-12-26,0.767845741284638
2016-12-27,0.827352828502107
2016-12-28,0.8774102924275317
2016-12-29,0.9444515387562252
2016-12-30,0.8016856084791214
2016-12-31,0.7549482824671179
2017-01-01,0.8092197675903461
2017-01-02,0.5757885327544375
2017-01-03,0.8230111096922488
2017-01-04,0.7523943302260248
2017-01-05,0.8922232154258716
2017-01-06,0.9583705784701826
2017-01-07,0.9332141488954157
2017-01-08,0.8458689822500319
2017-01-09,0.9159749712680373
2017-01-10,0.7718043672583322
2017-01-11,0.9278508491891202
2017-01-12,0.9403652151704763
2017-01-13,0.7835525475673605
2017-01-14,0.9849316817775507
2017-01-15,0.7825309666709233
2017-01-16,0.644745243263951
2017-01-17,0.7932575660835143
2017-01-18,0.7928744732473503
2017-01-19,0.7133188609373005
2017-01-20,0.39650108542970247
2017-01-21,0.9656493423572979
2017-01-22,0.6497254501340824
2017-01-23,0.5685097688673222
2017-01-24,0.8397394968714085
2017-01-25,0.9366619844208913
2017-01-26,0.6856084791214404
2017-01-27,0.8319499425360746
2017-01-28,0.796322308772826
2017-01-29,0.6464053122206614
2017-01-30,0.6244413229472608
2017-01-31,0.7394968714085046
2017-02-01,0.7313242242370067
2017-02-02,0.8387179159749713
2017-02-03,0.9439407483080067
2017-02-04,0.9561997190652535
2017-02-05,0.9592644617545651
2017-02-06,0.9740773847529052
2017-02-07,0.9688417826586643
2017-02-08,0.7424339164857617
2017-02-09,0.7098710254118248
2017-02-10,0.4123355893244796
2017-02-11,0.792235985187077
2017-02-12,0.7288979696079684
2017-02-13,0.8445920061294854
2017-02-14,0.6498531477461371
2017-02-15,0.6672200229855701
2017-02-16,0.45754054399182736
2017-02-17,0.6515132167028477
2017-02-18,0.9662878304175712
2017-02-19,0.6930149406206104
2017-02-20,0.6424466862469672
2017-02-21,0.9639892734005874
2017-02-22,0.8361639637338781
2017-02-23,0.8943940748308007
2017-02-24,0.841016472991955
2017-02-25,0.8333546162686758
2017-02-26,0.8813689184012259
2017-02-27,0.8141999744604775
2017-02-28,0.6448729408760057
2017-03-01,0.528285021070106
2017-03-02,0.605158983527008
2017-03-03,0.7738475290512068
2017-03-04,0.38641297407738473
2017-03-05,0.7414123355893245
2017-03-06,0.7771676669646278
2017-03-07,0.6221427659302771
2017-03-08,0.5199846762865534
2017-03-09,0.3396756480653812
2017-03-10,0.5722129996169072
2017-03-11,0.7326012003575533
2017-03-12,0.897203422296003
2017-03-13,0.6526624952113396
2017-03-14,0.6766696462776146
2017-03-15,0.5964755459072916
2017-03-16,0.9447069339803346
2017-03-17,0.8587664410675521
2017-03-18,0.9366619844208913
2017-03-19,0.9809730558038565
2017-03-20,0.9517303026433406
2017-03-21,0.7439662878304175
2017-03-22,0.211084152726344
2017-03-23,0.4635423317583961
2017-03-24,0.7134465585493551
2017-03-25,0.6502362405823011
2017-03-26,0.943813050695952
2017-03-27,0.6977397522666327
2017-03-28,0.21542587153620227
2017-03-29,0.1273145192184906
2017-03-30,0.6283999489209552
2017-03-31,0.21006257182990679
2017-04-01,0.5826842038053889
2017-04-02,0.014429830162175966
2017-04-03,0.018005363299706294
2017-04-04,0.19269569659047375
2017-04-05,0.6188226280168561
2017-04-06,0.7915974971268037
2017-04-07,0.7847018260758524
2017-04-08,0.9378112629293832
2017-04-09,0.6562380283488699
2017-04-10,0.41054782275571444
2017-04-11,0.43902439024390244
2017-04-12,0.4871663899885072
2017-04-13,0.588175201123739
2017-04-14,0.847656748818797
2017-04-15,0.6138424211467246
2017-04-16,0.7692504150172392
2017-04-17,0.6997829140595071
2017-04-18,0.7954284254884434
2017-04-19,0.6533009832716128
2017-04-20,0.8760056186949304
2017-04-21,0.6498531477461371
2017-04-22,0.67654194866556
2017-04-23,0.9328310560592517
2017-04-24,NA
2017-04-25,0.5037670795556123
2017-04-26,0.264334056953135
2017-04-27,0.2962584599667986
2017-04-28,0.27288979696079685
2017-04-29,0.3255012131273145
2017-04-30,0.39509641169710125
2017-05-01,0.4358319499425361
2017-05-02,0.16485761716255906
2017-05-03,0.05695313497637594
2017-05-04,0.12642063593410804
2017-05-05,0.18171370195377345
2017-05-06,0.0685736176733495
2017-05-07,0.26101391903971394
2017-05-08,0.7937683565317328
2017-05-09,0.8222449240199208
2017-05-10,0.7560975609756098
2017-05-11,0.5266249521133954
2017-05-12,0.6718171370195377
2017-05-13,0.82441578342485
2017-05-14,0.9173796450006385
2017-05-15,0.4986591750734261
2017-05-16,0.5482058485506321
2017-05-17,0.2108287575022347
2017-05-18,0.30685736176733497
2017-05-19,0.439918273528285
2017-05-20,0.6555995402885966
2017-05-21,0.8001532371344656
2017-05-22,0.47809985953262674
2017-05-23,0.21912910228578725
2017-05-24,0.4183373770910484
2017-05-25,0.5189630953901162
2017-05-26,0.7600561869493041
2017-05-27,0.8117737198314392
2017-05-28,0.3975226663261397
2017-05-29,0.43008555740007665
2017-05-30,0.38896692631847785
2017-05-31,0.3396756480653812
2017-06-01,0.43851359979568383
2017-06-02,0.594815476950581
2017-06-03,0.2776146086068191
2017-06-04,0.11939726727110203
2017-06-05,0.2679095900906653
2017-06-06,0.3795173030264334
2017-06-07,0.32882135104073557
2017-06-08,0.4569020559315541
2017-06-09,0.5893244796322309
2017-06-10,0.5792363682799132
2017-06-11,0.6990167283871792
2017-06-12,0.7218746009449624
2017-06-13,0.7872557783169455
2017-06-14,0.8606819052483718
2017-06-15,0.7343889669263185
2017-06-16,0.7693781126292938
2017-06-17,0.8060273272889797
2017-06-18,0.6419358957987485
2017-06-19,0.35768101136508745
2017-06-20,0.37147235346699015
2017-06-21,0.40658919678202016
2017-06-22,0.524581790320521
2017-06-23,0.5434810369046099
2017-06-24,0.827352828502107
2017-06-25,0.6161409781637084
2017-06-26,0.4157834248499553
2017-06-27,0.3876899501979313
2017-06-28,0.20469927212361128
2017-06-29,0.10726599412590984
2017-06-30,0.2679095900906653
2017-07-01,0.36866300600178775
2017-07-02,0.42523304814199975
2017-07-03,0.6444898480398417
2017-07-04,0.7517558421657515
2017-07-05,0.4908696207380922
2017-07-06,0.7428170093219256
2017-07-07,0.6217596730941132
2017-07-08,0.6103945856212489
2017-07-09,0.70425233048142
2017-07-10,0.3281828629804623
2017-07-11,0.37147235346699015
2017-07-12,0.48563401864385136
2017-07-13,0.7188098582556506
2017-07-14,0.7020814710764909
2017-07-15,0.7098710254118248
2017-07-16,0.5851104584344273
2017-07-17,0.3652151704763121
2017-07-18,0.2739113778572341
2017-07-19,0.30851743072404547
2017-07-20,0.25986464053122205
2017-07-21,0.10228578725577832
2017-07-22,0.37313242242370065
2017-07-23,0.4259992338143277
2017-07-24,0.3528285021070106
2017-07-25,0.22921721363810496
2017-07-26,0.47043800280934744
2017-07-27,0.49189120163452943
2017-07-28,0.6133316306985059
2017-07-29,0.8708977142127442
2017-07-30,0.41680500574639257
2017-07-31,0.09015451411058613
2017-08-01,0.0035755331375303284
2017-08-02,0.08172647171497893
2017-08-03,0.07610777678457413
2017-08-04,0.044055676158855826
2017-08-05,0.10445664666070745
2017-08-06,0.17635040224747797
2017-08-07,0.5013408249265738
2017-08-08,0.5238156046481931
2017-08-09,0.12246200996041375
2017-08-10,0.015706806282722512
2017-08-11,0.0017877665687651642
2017-08-12,0.012514365981356149
2017-08-13,0.17635040224747797
2017-08-14,0.5399055037670796
2017-08-15,0.34452815732345804
2017-08-16,0.10956455114289362
2017-08-17,0.07432001021580896
2017-08-18,0.15515259864640532
2017-08-19,0.026688800919422807
2017-08-20,0.08555740007661856
2017-08-21,0.32792746775635295
2017-08-22,0.8157323458051334
2017-08-23,0.8679606691354872
2017-08-24,0.6529178904354489
2017-08-25,0.2760822372621632
2017-08-26,0.15515259864640532
2017-08-27,0.18426765419486654
2017-08-28,0.6432128719192951
2017-08-29,0.81700932192568
2017-08-30,0.7838079427914698
2017-08-31,0.608479121440429
2017-09-01,0.6001787766568765
2017-09-02,0.5714468139445792
2017-09-03,0.4396628783041757
2017-09-04,0.5351806921210573
2017-09-05,0.6730941131400843
2017-09-06,0.8803473375047887
2017-09-07,0.6945473119652662
2017-09-08,0.6282722513089005
2017-09-09,0.09641169710126421
2017-09-10,0.45754054399182736
2017-09-11,0.09832716128208402
2017-09-12,0.30966670923253736
2017-09-13,0.5826842038053889
2017-09-14,0.16945473119652663
2017-09-15,0.2274294470693398
2017-09-16,0.2616524070999872
2017-09-17,0.13191163325245817
2017-09-18,0.22219384497509898
2017-09-19,0.25871536202273016
2017-09-20,0.355637849572213
2017-09-21,0.3958625973694292
2017-09-22,0.5383731324224237
2017-09-23,0.8214787383475929
2017-09-24,0.810369046098838
2017-09-25,0.38219895287958117
2017-09-26,0.29229983399310433
2017-09-27,0.4376197165113012
2017-09-28,0.3008555740007662
2017-09-29,0.07342612693142639
2017-09-30,0.334567743583195
2017-10-01,0.7799770144298301
2017-10-02,0.7160005107904482
2017-10-03,0.41654961052228323
2017-10-04,0.6567488187970885
2017-10-05,0.9306601966543225
2017-10-06,0.926063082620355
2017-10-07,0.8247988762610139
2017-10-08,0.7855957093602349
2017-10-09,0.9445792363682799
2017-10-10,0.4405567615885583
2017-10-11,0.5422040607840634
2017-10-12,0.8857106372110841
2017-10-13,0.8204571574511557
2017-10-14,0.9203166900778955
2017-10-15,0.975609756097561
2017-10-16,0.4150172391776274
2017-10-17,0.4600944962329204
2017-10-18,0.11671561741795429
2017-10-19,0.5808964372366237
2017-10-20,0.7752522027838079
2017-10-21,0.9122717405184523
2017-10-22,0.9242753160515899
2017-10-23,0.7951730302643341
2017-10-24,0.9885072149150811
2017-10-25,0.7263440173668753
2017-10-26,0.9470054909973183
2017-10-27,0.982250031924403
2017-10-28,0.9596475545907291
2017-10-29,0.8060273272889797
2017-10-30,0.9487932575660835
2017-10-31,0.9323202656110331
2017-11-01,0.8729408760056186
2017-11-02,0.8996296769250415
2017-11-03,0.9610522283233304
2017-11-04,0.8519984676286554
2017-11-05,0.6775635295619972
2017-11-06,0.8738347592900013
2017-11-07,0.9625845996679863
2017-11-08,0.9549227429447069
2017-11-09,0.9855701698378241
2017-11-10,0.9968075596986337
2017-11-11,0.8885199846762866
2017-11-12,0.919039713957349
2017-11-13,0.8974588175201124
2017-11-14,0.8425488443366109
2017-11-15,0.7170220916868855
2017-11-16,0.41591112246200995
2017-11-17,0.6286553441450645
2017-11-18,0.8978419103562764
2017-11-19,0.9854424722257694
2017-11-20,0.8023240965393947
2017-11-21,0.9154641808198186
2017-11-22,0.8542970246456392
2017-11-23,0.6046481930787895
2017-11-24,0.7762737836802451
2017-11-25,0.8094751628144554
2017-11-26,0.8832843825820457
2017-11-27,0.9563274166773081
2017-11-28,0.8265866428297791
2017-11-29,0.9937428170093219
2017-11-30,0.9777806155024901
2017-12-01,0.9802068701315285
2017-12-02,0.9901672838717916
2017-12-03,0.9794406844592006
2017-12-04,0.940109819946367
2017-12-05,0.8481675392670157
2017-12-06,0.8684714595837058
2017-12-07,0.9480270718937556
2017-12-08,0.40888775379900394
2017-12-09,0.862852764653301
2017-12-10,0.8784318733239689
2017-12-11,0.9516026050312859
2017-12-12,0.9671817137019538
2017-12-13,0.9121440429063976
2017-12-14,0.9956582811901418
2017-12-15,0.9060145575277743
2017-12-16,0.9937428170093219
2017-12-17,0.9702464563912655
2017-12-18,0.996296769250415
2017-12-19,0.9281062444132294
2017-12-20,0.936789682032946
2017-12-21,0.8918401225897076
2017-12-22,0.8799642446686247
2017-12-23,0.9417698889030776
2017-12-24,0.8356531732856596
2017-12-25,0.9279785468011749
2017-12-26,0.3910100881113523
2017-12-27,0.8125399055037671
2017-12-28,0.8092197675903461
2017-12-29,0.9600306474268931
2017-12-30,0.9493040480143021
2017-12-31,0.967820201762227
2018-01-01,0.8348869876133316
2018-01-02,0.9416421912910229
2018-01-03,0.9324479632230878
2018-01-04,0.9922104456646661
2018-01-05,0.8748563401864385
2018-01-06,0.8904354488571063
2018-01-07,0.8622142765930277
2018-01-08,0.627378368024518
2018-01-09,0.39279785468011746
2018-01-10,0.8141999744604775
2018-01-11,0.8314391520878559
2018-01-12,0.887626101391904
2018-01-13,0.8642574383859022
2018-01-14,0.6660707444770783
2018-01-15,0.7018260758523815
2018-01-16,0.8420380538883923
2018-01-17,0.9785468011748181
2018-01-18,0.9417698889030776
2018-01-19,0.9263184778444643
2018-01-20,0.8641297407738475
2018-01-21,0.7420508236495977
2018-01-22,0.9495594432384115
2018-01-23,0.6455114289362789
2018-01-24,0.7661856723279274
2018-01-25,0.5830672966415528
2018-01-26,0.7975992848933725
2018-01-27,0.774869109947644
2018-01-28,0.9546673477205976
2018-01-29,0.9622015068318223
2018-01-30,0.9028221172264078
2018-01-31,0.7371983143915208
2018-02-01,0.5536968458689823
2018-02-02,0.9886349125271358
2018-02-03,0.9565828119014175
2018-02-04,0.9951474907419231
2018-02-05,0.8428042395607203
2018-02-06,0.5874090154514111
2018-02-07,0.7453709615630187
2018-02-08,0.9482824671178649
2018-02-09,0.9693525731068829
2018-02-10,0.9251691993359724
2018-02-11,0.9753543608734516
2018-02-12,0.9785468011748181
2018-02-13,0.9150810879836547
2018-02-14,0.9754820584855063
2018-02-15,0.9456008172647171
2018-02-16,0.957859788021964
2018-02-17,0.8397394968714085
2018-02-18,0.9480270718937556
2018-02-19,0.6540671689439408
2018-02-20,0.5593155407993871
2018-02-21,0.8242880858127953
2018-02-22,0.6922487549482824
2018-02-23,0.8438258204571575
2018-02-24,0.8797088494445154
2018-02-25,0.5129613076235474
2018-02-26,0.5574000766185673
2018-02-27,0.9733111990805772
2018-02-28,0.7770399693525731
2018-03-01,0.7462648448474013
2018-03-02,0.6778189247861065
2018-03-03,0.8983527008044949
2018-03-04,0.5354360873451667
2018-03-05,0.6087345166645384
2018-03-06,0.8482952368790704
2018-03-07,0.9798237772953646
2018-03-08,0.8260758523815604
2018-03-09,0.796322308772826
2018-03-10,0.7549482824671179
2018-03-11,0.8691099476439791
2018-03-12,0.8268420380538883
2018-03-13,0.8711531094368535
2018-03-14,0.9871025411824799
2018-03-15,0.9845485889413867
2018-03-16,0.9480270718937556
2018-03-17,0.9074192312603754
2018-03-18,0.9735665943046865
2018-03-19,0.6677308134337888
2018-03-20,0.9757374537096156
2018-03-21,0.7409015451411058
2018-03-22,0.507598007917252
2018-03-23,0.9173796450006385
2018-03-24,0.6656876516409144
2018-03-25,0.5233048141999744
2018-03-26,0.6188226280168561
2018-03-27,0.8426765419486656
2018-03-28,0.781126292938322
2018-03-29,0.8931170987102541
2018-03-30,0.9588813689184013
2018-03-31,0.8857106372110841
2018-04-01,0.7841910356276338
2018-04-02,0.9827608223726216
2018-04-03,0.5233048141999744
2018-04-04,0.28502107010598904
2018-04-05,0.5736176733495084
2018-04-06,0.6582811901417444
2018-04-07,0.09411314008428043
2018-04-08,0.005235602094240838
2018-04-09,0.0035755331375303284
2018-04-10,0.036393819435576555
2018-04-11,0.2837440939854425
2018-04-12,0.4796322308772826
2018-04-13,0.028348869876133317
2018-04-14,0.22883412080194102
2018-04-15,0.08862214276593028
2018-04-16,0.8127953007278764
2018-04-17,0.8743455497382199
2018-04-18,0.461371472353467
2018-04-19,0.8048780487804879
2018-04-20,0.4358319499425361
2018-04-21,0.06461499169965522
2018-04-22,0.12756991444259994
2018-04-23,0.32205337760183883
2018-04-24,0.6415528029625845
2018-04-25,0.6367002937045078
2018-04-26,0.24786106499808452
2018-04-27,0.640658919678202
2018-04-28,0.20291150555484613
2018-04-29,0.0807048908185417
2018-04-30,0.007151066275060657
2018-05-01,0.0348614480909207
2018-05-02,0.045843442727620996
2018-05-03,0.024134848678329716
2018-05-04,0.024901034350657644
2018-05-05,0.10215808964372367
2018-05-06,0.21019026944196142
2018-05-07,0.6176733495083642
2018-05-08,0.6169071638360363
2018-05-09,0.7365598263312476
2018-05-10,0.37377091048397393
2018-05-11,0.07661856723279274
2018-05-12,0.2555229217213638
2018-05-13,0.8677052739113779
2018-05-14,0.8405056825437365
2018-05-15,0.45281573234580513
2018-05-16,0.5847273655982633
2018-05-17,0.4987868726854808
2018-05-18,0.7405184523049418
2018-05-19,0.690205593155408
2018-05-20,0.7629932320265611
2018-05-21,0.538245434810369
2018-05-22,0.47350274549865917
2018-05-23,0.31145447580130253
2018-05-24,0.26267398799642444
2018-05-25,0.4205082364959775
2018-05-26,0.41820967947899373
2018-05-27,0.05861320393308645
2018-05-28,0.008172647171497892
2018-05-29,0.11633252458179032
2018-05-30,0.06640275826842038
2018-05-31,0.17967054016089898
2018-06-01,0.032562891073936916
2018-06-02,0.0823649597752522
2018-06-03,0.6156301877154897
2018-06-04,0.2869365342868088
2018-06-05,0.37019537734644364
2018-06-06,0.2731451921849061
2018-06-07,0.28221172264078664
2018-06-08,0.24211467245562507
2018-06-09,0.3429957859788022
2018-06-10,0.17954284254884434
2018-06-11,0.2659941259098455
2018-06-12,0.5968586387434555
2018-06-13,0.6358064104201251
2018-06-14,0.4722257693781126
2018-06-15,0.45281573234580513
2018-06-16,0.6328693653428681
2018-06-17,0.686885455241987
2018-06-18,0.27174051845230496
2018-06-19,0.16766696462776146
2018-06-20,0.21925679989784191
2018-06-21,0.19282339420252842
2018-06-22,0.45115566338909463
2018-06-23,0.8754948282467118
2018-06-24,0.7951730302643341
2018-06-25,0.4546034989145703
2018-06-26,0.5852381560464819
2018-06-27,0.7379645000638488
2018-06-28,0.6850976886732218
2018-06-29,0.6553441450644873
2018-06-30,0.7583961179925935
2018-07-01,0.8208402502873197
2018-07-02,0.6655599540288597
2018-07-03,0.5953262673987997
2018-07-04,0.25794917635040227
2018-07-05,0.3710892606308262
2018-07-06,0.2940876005618695
2018-07-07,0.34222960030647426
2018-07-08,0.5478227557144681
2018-07-09,0.4239560720214532
2018-07-10,0.3970118758779211
2018-07-11,0.5453965010854297
2018-07-12,0.4815476950581024
2018-07-13,0.4095262418592772
2018-07-14,0.5872813178393564
2018-07-15,0.7105095134720981
2018-07-16,0.8172647171497893
2018-07-17,0.8181586004341719
2018-07-18,0.8583833482313881
2018-07-19,0.7633763248627251
2018-07-20,0.6470438002809348
2018-07-21,0.7111480015323713
2018-07-22,0.5129613076235474
2018-07-23,0.7481803090282212
2018-07-24,0.5644234452815733
2018-07-25,0.6239305324990423
2018-07-26,0.771548972034223
2018-07-27,0.6263567871280807
2018-07-28,0.8073043034095262
2018-07-29,0.5794917635040224
2018-07-30,0.4941897586515132
2018-07-31,0.22053377601838844
2018-08-01,0.38896692631847785
2018-08-02,0.2522027838079428
2018-08-03,0.19103562763376325
2018-08-04,0.25118120291150553
2018-08-05,0.14391520878559572
2018-08-06,0.2423700676797344
2018-08-07,0.412207891712425
2018-08-08,0.18184139956582812
2018-08-09,0.07304303409526242
2018-08-10,0.0725322436470438
2018-08-11,0.04916358064104201
2018-08-12,0.2311326778189248
2018-08-13,0.1335717022091687
2018-08-14,0.051206742433916486
2018-08-15,0.15617417954284254
2018-08-16,0.41054782275571444
2018-08-17,0.33329076746264846
2018-08-18,0.22538628527646534
2018-08-19,0.12335589324479632
2018-08-20,0.12016345294342996
2018-08-21,0.12974077384752905
2018-08-22,0.34312348359085687
2018-08-23,0.044055676158855826
2018-08-24,0.01315285404162942
2018-08-25,0.10024262546290384
2018-08-26,0.08198186693908824
2018-08-27,0.23790065125782148
2018-08-28,0.28514876771804365
2018-08-29,0.43225641680500576
2018-08-30,0.11518324607329843
2018-08-31,0.12003575533137531
2018-09-01,0.200740646149917
2018-09-02,0.2384114417060401
2018-09-03,0.18465074703103052
2018-09-04,0.19920827480526115
2018-09-05,0.4298301621759673
2018-09-06,0.8542970246456392
2018-09-07,0.9040990933469544
2018-09-08,0.8318222449240199
2018-09-09,0.8627250670412463
2018-09-10,0.7481803090282212
2018-09-11,0.7161282084025029
2018-09-12,0.27365598263312474
2018-09-13,0.30979440684459203
2018-09-14,0.4567743583194994
2018-09-15,0.7277486910994765
2018-09-16,0.7884050568254374
2018-09-17,0.16038820074064614
2018-09-18,0.27403907546928874
2018-09-19,0.011492785084918912
2018-09-20,0.0034478355254756736
2018-09-21,0.002043161792874473
2018-09-22,0.19052483718554464
2018-09-23,0.7532882135104073
2018-09-24,0.7356659430468651
2018-09-25,0.9443238411441706
2018-09-26,0.5611033073681522
2018-09-27,0.6799897841910356
2018-09-28,0.5566338909462393
2018-09-29,0.8421657515004469
2018-09-30,0.3451666453837313
2018-10-01,0.15515259864640532
2018-10-02,0.7576299323202657
2018-10-03,0.73196271229728
2018-10-04,0.734899757374537
2018-10-05,0.15872813178393563
2018-10-06,0.03243519346188226
2018-10-07,0.0292427531605159
2018-10-08,0.2468394841016473
2018-10-09,0.489464947005491
2018-10-10,0.12322819563274166
2018-10-11,0.058230111096922485
2018-10-12,0.0741923126037543
2018-10-13,0.0014046737326012004
2018-10-14,0.03320137913421019
2018-10-15,0.057208530200485254
2018-10-16,0.0011492785084918913
2018-10-17,0.0029370450772570555
2018-10-18,0.00919422806793513
2018-10-19,0.35538245434810367
2018-10-20,0.5861320393308646
2018-10-21,0.577831694547312
2018-10-22,0.3699399821223343
2018-10-23,0.5806410420125143
2018-10-24,0.9369173796450007
2018-10-25,0.972672711020304
2018-10-26,0.8705146213765803
2018-10-27,0.8641297407738475
2018-10-28,0.6936534286808836
2018-10-29,0.8232665049163581
2018-10-30,0.5856212488826459
2018-10-31,0.7591623036649214
2018-11-01,0.8223726216319754
2018-11-02,0.7102541182479888
2018-11-03,0.8067935129613076
2018-11-04,0.6850976886732218
2018-11-05,0.5756608351423829
2018-11-06,0.5052994509002682
2018-11-07,0.18094751628144554
2018-11-08,0.1462137658025795
2018-11-09,0.29651385519090795
2018-11-10,0.7199591367641425
2018-11-11,0.8791980589962968
2018-11-12,0.840633380155791
2018-11-13,0.48116460222193846
2018-11-14,0.8362916613459328
2018-11-15,0.8696207380921976
2018-11-16,0.6783297152343252
2018-11-17,0.7559698633635551
2018-11-18,0.6598135614864002
2018-11-19,0.8071766057974716
2018-11-20,0.8120291150555484
2018-11-21,0.8734516664538373
2018-11-22,0.9143149023113267
2018-11-23,0.8125399055037671
2018-11-24,0.8800919422806793
2018-11-25,0.8710254118247989
2018-11-26,0.996296769250415
2018-11-27,0.9895287958115183
2018-11-28,0.69684586898225
2018-11-29,0.6354233175839612
2018-11-30,0.6796066913548716
2018-12-01,0.9383220533776019
2018-12-02,0.6850976886732218
2018-12-03,0.8771548972034223
2018-12-04,0.8088366747541821
2018-12-05,0.9698633635551015
2018-12-06,0.8913293321414889
2018-12-07,0.92976631336994
2018-12-08,0.7762737836802451
2018-12-09,0.8304175711914187
2018-12-10,0.9942536074575405
2018-12-11,0.9035883028987358
2018-12-12,0.9472608862214277
2018-12-13,0.9180181330609117
2018-12-14,0.8684714595837058
2018-12-15,0.8716638998850722
2018-12-16,0.9742050823649597
2018-12-17,0.9717788277359214
2018-12-18,0.9706295492274295
2018-12-19,0.9439407483080067
2018-12-20,0.9376835653173285
2018-12-21,0.9298940109819946
2018-12-22,0.9897841910356276
2018-12-23,0.9688417826586643
2018-12-24,0.9742050823649597
2018-12-25,0.9503256289107394
2018-12-26,0.9738219895287958
2018-12-27,0.8631081598774103
2018-12-28,0.9556889286170349
2018-12-29,0.971906525347976
2018-12-30,0.9011620482696974
2018-12-31,0.8239049929766313
2019-01-01,0.8895415655727238
2019-01-02,0.9267015706806283
2019-01-03,0.8368024517941515
2019-01-04,0.9803345677435832
2019-01-05,0.7822755714468139
2019-01-06,0.9559443238411441
2019-01-07,0.7964500063848806
2019-01-08,0.7015706806282722
2019-01-09,0.7554590729153365
2019-01-10,0.947133188609373
2019-01-11,0.9175073426126932
2019-01-12,0.8231388073043034
2019-01-13,0.9060145575277743
2019-01-14,0.8859660324351935
2019-01-15,0.8214787383475929
2019-01-16,0.7686119269569659
2019-01-17,0.7332396884178266
2019-01-18,0.7529051206742434
2019-01-19,0.6844592006129485
2019-01-20,0.873962456902056
2019-01-21,0.8111352317711659
2019-01-22,0.7876388711531095
2019-01-23,0.9916996552164474
2019-01-24,0.8262035499936151
2019-01-25,0.851359979568382
2019-01-26,0.954539650108543
2019-01-27,0.7342612693142638
2019-01-28,0.7687396245690206
2019-01-29,0.9389605414378751
2019-01-30,0.9779083131145447
2019-01-31,0.9410037032307496
2019-02-01,0.9196782020176223
2019-02-02,0.9871025411824799
2019-02-03,0.9343634274039075
2019-02-04,0.9338526369556889
2019-02-05,0.9333418465074703
2019-02-06,0.9595198569786745
2019-02-07,0.6079683309922105
2019-02-08,0.7521389350019154
2019-02-09,0.8932447963223088
2019-02-10,0.7599284893372494
2019-02-11,0.9887626101391904
2019-02-12,0.9901672838717916
2019-02-13,0.9007789554335334
2019-02-14,0.8024517941514494
2019-02-15,0.6710509513472098
2019-02-16,0.8822628016856084
2019-02-17,0.24901034350657641
2019-02-18,0.3876899501979313
2019-02-19,0.15502490103435065
2019-02-20,0.7792108287575022
2019-02-21,0.8448474013535947
2019-02-22,0.7935129613076235
2019-02-23,0.5973694291916741
2019-02-24,0.6437236623675138
2019-02-25,0.6328693653428681
2019-02-26,0.9393436342740391
2019-02-27,0.9817392414761844
2019-02-28,0.6986336355510152
2019-03-01,0.8345038947771677
2019-03-02,0.7475418209679479
2019-03-03,0.26382326650491633
2019-03-04,0.8463797726982505
2019-03-05,0.774102924275316
2019-03-06,0.6778189247861065
2019-03-07,0.38832843825820457
2019-03-08,0.771165879198059
2019-03-09,0.6767973438896693
2019-03-10,0.7843187332396884
2019-03-11,0.806665815349253
2019-03-12,0.781126292938322
2019-03-13,0.43187332396884176
2019-03-14,0.8858383348231388
2019-03-15,0.6790959009066531
2019-03-16,0.7516281445536969
2019-03-17,0.8101136508747286
2019-03-18,0.2693142638232665
2019-03-19,0.527901928233942
2019-03-20,0.672455625079811
2019-03-21,0.6755203677691227
2019-03-22,0.926829268292683
2019-03-23,0.47809985953262674
2019-03-24,0.6733495083641936
2019-03-25,0.5586770527391138
2019-03-26,0.8494445153875623
2019-03-27,0.8539139318094752
2019-03-28,0.6783297152343252
2019-03-29,0.6586642829779084
2019-03-30,0.5683820712552675
2019-03-31,0.0011492785084918913
2019-04-01,0.10471204188481675
2019-04-02,0.175967309411314
2019-04-03,0.2794023751755842
2019-04-04,0.15566338909462393
2019-04-05,0.08836674754182097
2019-04-06,0.07061677946622398
2019-04-07,0.33635551015196014
2019-04-08,0.44017366875239433
2019-04-09,0.5474396628783041
2019-04-10,0.5030008938832844
2019-04-11,0.8526369556889286
2019-04-12,0.9015451411058614
2019-04-13,0.9088239049929766
2019-04-14,0.813306091176095
2019-04-15,0.7751245051717532
2019-04-16,0.9403652151704763
2019-04-17,0.8470182607585238
2019-04-18,0.415144936789682
2019-04-19,0.574128463797727
2019-04-20,0.3122206614736304
2019-04-21,0.45166645383731324
2019-04-22,0.4560081726471715
2019-04-23,0.09705018516153747
2019-04-24,0.2496488315668497
2019-04-25,0.07214915081087983
2019-04-26,0.0612948537862342
2019-04-27,0.2601200357553314
2019-04-28,0.5660835142382837
2019-04-29,0.7589069084408122
2019-04-30,0.8693653428680884
2019-05-01,0.8791980589962968
2019-05-02,0.7297918528923509
2019-05-03,0.3409526241859277
2019-05-04,0.5153875622525859
2019-05-05,0.5438641297407738
2019-05-06,0.8121568126676031
2019-05-07,0.8149661601328055
2019-05-08,0.8531477461371473
2019-05-09,0.7937683565317328
2019-05-10,0.8894138679606691
2019-05-11,0.8678329715234325
2019-05-12,0.7494572851487677
2019-05-13,0.6567488187970885
2019-05-14,0.6702847656748819
2019-05-15,0.5747669518580003
2019-05-16,0.6326139701187588
2019-05-17,0.4346826714340442
2019-05-18,0.41003703230749583
2019-05-19,0.320521006257183
2019-05-20,0.31132677818924787
2019-05-21,0.7944068445920062
2019-05-22,0.7546928872430085
2019-05-23,0.6253352062316435
2019-05-24,0.507214915081088
2019-05-25,0.8774102924275317
2019-05-26,0.7189375558677052
2019-05-27,0.19154641808198186
2019-05-28,0.334567743583195
2019-05-29,0.3809219767590346
2019-05-30,0.4376197165113012
2019-05-31,0.38411441706040095
2019-06-01,0.18465074703103052
2019-06-02,0.38334823138807306
2019-06-03,0.4457923636827991
2019-06-04,0.5812795300727877
2019-06-05,0.4639254245945601
2019-06-06,0.4359596475545907
2019-06-07,0.514238283744094
2019-06-08,0.39267015706806285
2019-06-09,0.33163069850593796
2019-06-10,0.11262929383220534
2019-06-11,0.07738475290512067
2019-06-12,0.12271740518452305
2019-06-13,0.2930660196654323
2019-06-14,0.1225897075724684
2019-06-15,0.12080194100370323
2019-06-16,0.1462137658025795
2019-06-17,0.2229600306474269
2019-06-18,0.32575660835142384
2019-06-19,0.4279146979951475
2019-06-20,0.38781764780998595
2019-06-21,0.15987741029242752
2019-06-22,0.4259992338143277
2019-06-23,0.6420635934108032
2019-06-24,0.6475545907291533
2019-06-25,0.3216702847656749
2019-06-26,0.06091176095007023
2019-06-27,0.2688034733750479
2019-06-28,0.5262418592772315
2019-06-29,0.8080704890818542
2019-06-30,0.38564678840505684
2019-07-01,0.12169582428808581
2019-07-02,0.2819563274166773
2019-07-03,0.31975482058485505
2019-07-04,0.45779593921593664
2019-07-05,0.3444004597114034
2019-07-06,0.756736049035883
2019-07-07,0.524581790320521
2019-07-08,0.8131783935640403
2019-07-09,0.6072021453198825
2019-07-10,0.694291916741157
2019-07-11,0.900906653045588
2019-07-12,0.7870003830928362
2019-07-13,0.6926318477844464
2019-07-14,0.5420763631720087
2019-07-15,0.6575150044694165
2019-07-16,0.602221938449751
2019-07-17,0.7122972800408632
2019-07-18,0.4772059762482442
2019-07-19,0.43110713829651387
2019-07-20,0.39905503767079553
2019-07-21,0.17890435448857106
2019-07-22,0.3857744860171115
2019-07-23,0.6774358319499425
2019-07-24,0.7198314391520878
2019-07-25,0.5141105861320393
2019-07-26,0.5465457795939216
2019-07-27,0.3860298812412208
2019-07-28,0.140850466096284
2019-07-29,0.28629804622653554
2019-07-30,0.37632486272506704
2019-07-31,0.6379772698250543
2019-08-01,0.5995402885966032
2019-08-02,0.7028476567488188
2019-08-03,0.8016856084791214
2019-08-04,0.8024517941514494
2019-08-05,0.5574000766185673
2019-08-06,0.35270080449495594
2019-08-07,0.24019920827480526
2019-08-08,0.436981228451028
2019-08-09,0.42152981739241474
2019-08-10,0.2507981100753416
2019-08-11,0.49610522283233305
2019-08-12,0.06921210573362278
2019-08-13,0.08389733111990806
2019-08-14,0.26063082620355
2019-08-15,0.6991444259992338
2019-08-16,0.6794789937428171
2019-08-17,0.658025794917635
2019-08-18,0.6252075086195888
2019-08-19,0.16792235985187076
2019-08-20,0.060017877665687655
2019-08-21,0.02617801047120419
2019-08-22,0.36866300600178775
2019-08-23,0.22845102796577704
2019-08-24,0.053888392287064234
2019-08-25,0.06742433916485761
2019-08-26,0.022474779721619206
2019-08-27,0.07968330992210446
2019-08-28,0.12974077384752905
2019-08-29,0.08862214276593028
2019-08-30,0.10930915591878432
2019-08-31,0.2001021580896437
2019-09-01,0.21274422168305454
2019-09-02,0.05529306601966543
2019-09-03,0.26471714978929894
2019-09-04,0.6638998850721491
2019-09-05,0.5706806282722513
2019-09-06,0.33188609373004724
2019-09-07,0.22972800408632357
2019-09-08,0.3057080832588431
2019-09-09,0.11288468905631464
2019-09-10,0.11965266249521134
2019-09-11,0.020559315540799386
2019-09-12,0.18286298046226535
2019-09-13,0.05158983527008045
2019-09-14,0.5432256416805006
2019-09-15,0.13152854041629422
2019-09-16,0.2313880730430341
2019-09-17,0.7913421019026944
2019-09-18,0.7603115821734133
2019-09-19,0.7126803728770272
2019-09-20,0.8375686374664794
2019-09-21,0.6896948027071894
2019-09-22,0.6365725960924531
2019-09-23,0.4169327033584472
2019-09-24,0.27620993487421786
2019-09-25,0.3657259609245307
2019-09-26,0.8177755075980079
2019-09-27,0.8774102924275317
2019-09-28,0.5156429574766952
2019-09-29,0.8968203294598391
2019-09-30,0.6226535563784957
2019-10-01,0.6899501979312986
2019-10-02,0.023368663006001787
2019-10-03,0.3266504916358064
2019-10-04,0.8337377091048397
2019-10-05,0.9850593793896054
2019-10-06,0.8992465840888776
2019-10-07,0.7392414761843954
2019-10-08,0.425871536202273
2019-10-09,0.6771804367258333
2019-10-10,0.5548461243774742
2019-10-11,0.7162559060145576
2019-10-12,0.5165368407610778
2019-10-13,0.03984165496105223
2019-10-14,0.1740518452304942
2019-10-15,0.16613459328310562
2019-10-16,0.06078406333801558
2019-10-17,0.020942408376963352
2019-10-18,0.11543864129740773
2019-10-19,0.23496360618056442
2019-10-20,0.28629804622653554
2019-10-21,0.6268675775762993
2019-10-22,0.703869237645256
2019-10-23,0.7228961818413996
2019-10-24,0.7444770782786362
2019-10-25,0.8323330353722386
2019-10-26,0.7407738475290512
2019-10-27,0.6425743838590219
2019-10-28,0.8374409398544247
2019-10-29,0.7263440173668753
2019-10-30,0.44655854935512707
2019-10-31,0.3506576427020815
2019-11-01,0.2929383220533776
2019-11-02,0.6218873707061678
2019-11-03,0.7987485634018644
2019-11-04,0.8567232792746776
2019-11-05,0.5203677691227174
2019-11-06,0.6997829140595071
2019-11-07,0.8494445153875623
2019-11-08,0.8915847273655982
2019-11-09,0.7351551525986464
2019-11-10,0.8416549610522284
2019-11-11,0.8042395607202145
2019-11-12,0.7993870514621376
2019-11-13,0.7757629932320266
2019-11-14,0.6116715617417954
2019-11-15,0.5917507342612693
2019-11-16,0.736432128719193
2019-11-17,0.7892989401098199
2019-11-18,0.904226790959009
2019-11-19,0.8890307751245051
2019-11-20,0.9923381432767208
2019-11-21,0.6993998212233431
2019-11-22,0.4349380666581535
2019-11-23,0.5473119652662495
2019-11-24,0.5139828885199846
2019-11-25,0.781126292938322
2019-11-26,0.7530328182862981
2019-11-27,0.833993104328949
2019-11-28,0.9263184778444643
2019-11-29,0.9018005363299706
2019-11-30,0.8152215553569149
2019-12-01,0.5273911377857234
2019-12-02,0.7426893117098711
2019-12-03,0.9058868599157196
2019-12-04,0.6231643468267143
2019-12-05,0.5235602094240838
2019-12-06,0.24760566977397522
2019-12-07,0.6863746647937684
2019-12-08,0.7415400332013792
2019-12-09,0.6427020814710764
2019-12-10,0.916485761716256
2019-12-11,0.9773975226663262
2019-12-12,0.9394713318860938
2019-12-13,0.9854424722257694
2019-12-14,0.9936151193972673
2019-12-15,0.6089899118886477
2019-12-16,0.7223853913931809
2019-12-17,0.8634912527135743
2019-12-18,0.7264717149789299
2019-12-19,0.4902311326778189
2019-12-20,0.6857361767334951
2019-12-21,0.9189120163452943
2019-12-22,0.8585110458434427
2019-12-23,0.989656493423573
2019-12-24,0.9833993104328949
2019-12-25,0.9942536074575405
2019-12-26,0.989273400587409
2019-12-27,0.9828885199846763
2019-12-28,0.9636061805644235
2019-12-29,0.9229983399310433
2019-12-30,0.9539011620482697
2019-12-31,0.8001532371344656
2020-01-01,0.8821351040735538
2020-01-02,0.7813816881624314
2020-01-03,0.6479376835653173
2020-01-04,0.7622270463542332
2020-01-05,0.9942536074575405
2020-01-06,0.9117609500702337
2020-01-07,0.552292172136381
2020-01-08,0.5685097688673222
2020-01-09,0.9776529178904354
2020-01-10,0.9435576554718427
2020-01-11,0.8869876133316307
2020-01-12,0.7589069084408122
2020-01-13,0.5963478482952369
2020-01-14,0.71165879198059
2020-01-15,0.5538245434810369
2020-01-16,0.7873834759290002
2020-01-17,0.8664282977908313
2020-01-18,0.8692376452560338
2020-01-19,0.9514749074192312
2020-01-20,0.9650108542970246
2020-01-21,0.6971012642063593
2020-01-22,0.8452304941897586
2020-01-23,0.8250542714851232
2020-01-24,0.4288085812795301
2020-01-25,0.5699144425999234
2020-01-26,0.6063082620354999
2020-01-27,0.8074320010215809
2020-01-28,0.8586387434554974
2020-01-29,0.9757374537096156
2020-01-30,0.8226280168560848
2020-01-31,0.7546928872430085
2020-02-01,0.971906525347976
2020-02-02,0.7064231898863491
2020-02-03,0.9433022602477333
2020-02-04,0.66913548716639
2020-02-05,0.9919550504405568
2020-02-06,0.8253096667092326
2020-02-07,0.7032307495849828
2020-02-08,0.7170220916868855
2020-02-09,0.694291916741157
2020-02-10,0.722002298557017
2020-02-11,0.8011748180309028
2020-02-12,0.8789426637721874
2020-02-13,0.7961946111607713
2020-02-14,0.690205593155408
2020-02-15,0.8775379900395862
2020-02-16,0.574128463797727
2020-02-17,0.6133316306985059
2020-02-18,0.8263312476056698
2020-02-19,0.5015962201506832
2020-02-20,0.820712552675265
2020-02-21,0.7448601711148002
2020-02-22,0.5966032435193462
2020-02-23,0.986719448346316
2020-02-24,0.9855701698378241
2020-02-25,0.6623675137274933
2020-02-26,0.8955433533392926
2020-02-27,0.8485506321031797
2020-02-28,0.7411569403652152
2020-02-29,0.5720853020048525
2020-03-01,0.44604775890690845
2020-03-02,0.8433150300089388
2020-03-03,0.7660579747158728
2020-03-04,0.52866811390627
2020-03-05,0.690971778827736
2020-03-06,0.7802324096539395
2020-03-07,0.6718171370195377
2020-03-08,0.6829268292682927
2020-03-09,0.8180309028221172
2020-03-10,0.548588941386796
2020-03-11,0.8052611416166517
2020-03-12,0.20789171242497764
2020-03-13,0.507598007917252
2020-03-14,0.6278891584727365
2020-03-15,0.4959775252202784
2020-03-16,0.24505171753288213
2020-03-17,0.45664666070744475
2020-03-18,0.038564678840505684
2020-03-19,0.04597114033967565
2020-03-20,0.4751628144553697
2020-03-21,0.7997701442983016
2020-03-22,0.930149406206104
2020-03-23,0.5347975992848933
2020-03-24,0.18171370195377345
2020-03-25,0.20559315540799386
2020-03-26,0.08581279530072787
2020-03-27,0.31898863491252716
2020-03-28,0.31694547311965265
2020-03-29,0.49240199208274804
2020-03-30,0.4342995785978802
2020-03-31,0.5706806282722513
2020-04-01,0.39765036393819436
2020-04-02,0.05197292810624441
2020-04-03,0.011365087472864258
2020-04-04,0.12833610011492785
2020-04-05,0.1720086834376197
2020-04-06,0.0022985570169837826
2020-04-07,0.02400715106627506
2020-04-08,0.0010215808964372365
2020-04-09,0.0030647426893117098
2020-04-10,0.34606052866811393
2020-04-11,0.32026561103307366
2020-04-12,0.09960413740263058
2020-04-13,0.09258076873962456
2020-04-14,0.714978929894011
2020-04-15,0.8350146852253862
2020-04-16,0.48576171625590603
2020-04-17,0.4509002681649853
2020-04-18,0.3008555740007662
2020-04-19,0.700549099731835
2020-04-20,0.6275060656365726
2020-04-21,0.8910739369173797
2020-04-22,0.6673477205976248
2020-04-23,0.06474268931170987
2020-04-24,0.2864257438385902
2020-04-25,0.5019793129868472
2020-04-26,0.8006640275826842
2020-04-27,0.7698889030775125
2020-04-28,0.25858766441067554
2020-04-29,0.09781637083386541
2020-04-30,0.38079427914697994
2020-05-01,0.4363427403907547
2020-05-02,0.4270208147107649
2020-05-03,0.6342740390754693
2020-05-04,0.7627378368024518
2020-05-05,0.9214659685863874
2020-05-06,0.8766441067552037
2020-05-07,0.8602988124122078
2020-05-08,0.7529051206742434
2020-05-09,0.7483080066402759
2020-05-10,0.4007151066275061
2020-05-11,0.27174051845230496
2020-05-12,0.6973566594304687
2020-05-13,0.18286298046226535
2020-05-14,0.7987485634018644
2020-05-15,0.5688928617034862
2020-05-16,0.7563529561997191
2020-05-17,0.810369046098838
2020-05-18,0.5959647554590729
2020-05-19,0.5625079811007534
2020-05-20,0.9182735282850211
2020-05-21,0.8853275443749202
2020-05-22,0.7638871153109437
2020-05-23,0.8014302132550122
2020-05-24,0.7799770144298301
2020-05-25,0.9121440429063976
2020-05-26,0.9498148384625208
2020-05-27,0.9067807432001022
2020-05-28,0.8459966798620866
2020-05-29,0.8956710509513472
2020-05-30,0.9738219895287958
2020-05-31,0.8268420380538883
2020-06-01,0.8309283616396373
2020-06-02,0.8622142765930277
2020-06-03,0.8670667858511046
2020-06-04,0.7190652534797599
2020-06-05,0.7374537096156302
2020-06-06,0.33086451283361
2020-06-07,0.18286298046226535
2020-06-08,0.2533520623164347
2020-06-09,0.19039713957348997
2020-06-10,0.1377857234069723
2020-06-11,0.13089005235602094
2020-06-12,0.3016217596730941
2020-06-13,0.2631847784446431
2020-06-14,0.7958115183246073
2020-06-15,0.6741156940365215
2020-06-16,0.5717022091686885
2020-06-17,0.6593027710381816
2020-06-18,0.6503639381943558
2020-06-19,0.594815476950581
2020-06-20,0.736432128719193
2020-06-21,0.5635295619971906
2020-06-22,0.8075596986336355
2020-06-23,0.6020942408376964
2020-06-24,0.5828119014174435
2020-06-25,0.3055803856467884
2020-06-26,0.0725322436470438
2020-06-27,0.1616651768611927
2020-06-28,0.1925679989784191
2020-06-29,0.6308262035499936
2020-06-30,0.612182352190014
2020-07-01,0.37734644362150427
2020-07-02,0.1869493040480143
2020-07-03,0.22921721363810496
2020-07-04,0.39624569020559314
2020-07-05,0.27620993487421786
2020-07-06,0.12450517175328821
2020-07-07,0.5238156046481931
2020-07-08,0.8743455497382199
2020-07-09,0.4364704380028093
2020-07-10,0.23943302260247734
2020-07-11,0.04111863108159877
2020-07-12,0.33175839611799257
2020-07-13,0.7964500063848806
2020-07-14,0.8108798365470565
2020-07-15,0.6465330098327161
2020-07-16,0.496488315668497
2020-07-17,0.5635295619971906
2020-07-18,0.3539777806155025
2020-07-19,0.35997956838207124
2020-07-20,0.4922742944706934
2020-07-21,0.3753032818286298
2020-07-22,0.44068445920061294
2020-07-23,0.38245434810369044
2020-07-24,0.32064870386923766
2020-07-25,0.3057080832588431
2020-07-26,0.5582939599029498
2020-07-27,0.6529178904354489
2020-07-28,0.5083641935895798
2020-07-29,0.2524581790320521
2020-07-30,0.2681649853147746
2020-07-31,0.7365598263312476
2020-08-01,0.7576299323202657
2020-08-02,0.7391137785723407
2020-08-03,0.3177116587919806
2020-08-04,0.17826586642829778
2020-08-05,0.11658791980589962
2020-08-06,0.010215808964372367
2020-08-07,0.04316179287447325
2020-08-08,0.22870642318988635
2020-08-09,0.4782275571446814
2020-08-10,0.42408376963350786
2020-08-11,0.5032562891073937
2020-08-12,0.4002043161792874
2020-08-13,0.594815476950581
2020-08-14,0.5464180819818669
2020-08-15,0.4150172391776274
2020-08-16,0.17788277359213384
2020-08-17,0.16038820074064614
2020-08-18,0.2727620993487422
2020-08-19,0.25309666709232537
2020-08-20,0.5010854297024646
2020-08-21,0.3888392287064232
2020-08-22,0.4531988251819691
2020-08-23,0.15489720342229601
2020-08-24,0.38896692631847785
2020-08-25,0.5059379389605414
2020-08-26,0.3105605925169199
2020-08-27,0.608862214276593
2020-08-28,0.5484612437747414
2020-08-29,0.17073170731707318
2020-08-30,8.938832843825821e-4
2020-08-31,0.10024262546290384
2020-09-01,0.158600434171881
2020-09-02,0.17954284254884434
2020-09-03,0.5999233814327672
2020-09-04,0.8270974332779977
2020-09-05,0.6900778955433533
2020-09-06,0.4002043161792874
2020-09-07,0.13306091176095006
2020-09-08,0.3925424594560082
2020-09-09,0.246584088877538
2020-09-10,0.04852509258076874
2020-09-11,0.06397650363938194
2020-09-12,0.01059890180053633
2020-09-13,0.06653045588047503
2020-09-14,0.0035755331375303284
2020-09-15,0.10445664666070745
2020-09-16,0.08977142127442217
2020-09-17,0.24505171753288213
2020-09-18,0.4908696207380922
2020-09-19,0.2698250542714851
2020-09-20,0.16102668880091942
2020-09-21,0.006257182990678074
2020-09-22,0.0010215808964372365
2020-09-23,0.005235602094240838
2020-09-24,0.21453198825181968
2020-09-25,0.10394585621248882
2020-09-26,0.2714851232281956
2020-09-27,0.7961946111607713
2020-09-28,0.4731196526624952
2020-09-29,0.82441578342485
2020-09-30,0.9821223343123484
2020-10-01,0.8651513216702847
2020-10-02,0.8535308389733112
2020-10-03,0.6363172008683438
2020-10-04,0.4211467245562508
2020-10-05,0.37466479376835654
2020-10-06,0.6042651002426255
2020-10-07,0.5743838590218363
2020-10-08,0.5957093602349636
2020-10-09,0.6162686757757629
2020-10-10,0.8195632741667731
2020-10-11,0.6854807815093857
2020-10-12,0.6198442089132933
2020-10-13,0.5178138168816243
2020-10-14,0.38334823138807306
2020-10-15,0.2841271868216064
2020-10-16,0.761205465457796
2020-10-17,0.8025794917635041
2020-10-18,0.6271229728004086
2020-10-19,0.7498403779849316
2020-10-20,0.28629804622653554
2020-10-21,0.7143404418337377
2020-10-22,0.37338781764781
2020-10-23,0.5194738858383349
2020-10-24,0.9155918784318733
2020-10-25,0.7257055293066019
2020-10-26,0.7254501340824927
2020-10-27,0.5155152598646405
2020-10-28,0.5688928617034862
2020-10-29,0.8550632103179671
2020-10-30,0.9355127059123994
2020-10-31,0.978929894010982
2020-11-01,0.9416421912910229
2020-11-02,0.8992465840888776
2020-11-03,0.9546673477205976
2020-11-04,0.7577576299323203
2020-11-05,0.9011620482696974
2020-11-06,0.7228961818413996
2020-11-07,0.8734516664538373
2020-11-08,0.6425743838590219
2020-11-09,0.9236368279913165
2020-11-10,0.6429574766951858
2020-11-11,0.6003064742689311
2020-11-12,0.8046226535563785
2020-11-13,0.8260758523815604
2020-11-14,0.6501085429702465
2020-11-15,0.8223726216319754
2020-11-16,0.904992976631337
2020-11-17,0.9731835014685225
2020-11-18,0.897586515132167
2020-11-19,0.7780615502490104
2020-11-20,0.8954156557272379
2020-11-21,0.9457285148767718
2020-11-22,0.8899246584088878
2020-11-23,0.6941642191291023
2020-11-24,0.8065381177371983
2020-11-25,0.6850976886732218
2020-11-26,0.690205593155408
2020-11-27,0.876516409143149
2020-11-28,0.9263184778444643
2020-11-29,0.9802068701315285
2020-11-30,0.9680755969863364
2020-12-01,0.8546801174818031
2020-12-02,0.9473885838334823
2020-12-03,0.9993615119397268
2020-12-04,0.9398544247222577
2020-12-05,0.7868726854807815
2020-12-06,0.44885710637211085
2020-12-07,0.5287958115183246
2020-12-08,0.827352828502107
2020-12-09,0.6956965904737581
2020-12-10,0.9118886476822884
2020-12-11,0.9987230238794534
2020-12-12,0.9459839101008811
2020-12-13,0.9977014429830162
2020-12-14,0.9919550504405568
2020-12-15,0.9665432256416805
2020-12-16,0.9690971778827736
2020-12-17,0.9910611671561742
2020-12-18,0.983016217596731
2020-12-19,0.9736942919167412
2020-12-20,0.9825054271485123
2020-12-21,0.932703358447197
2020-12-22,0.9229983399310433
2020-12-23,0.9655216447452433
2020-12-24,0.9536457668241604
2020-12-25,1
2020-12-26,0.9015451411058614
2020-12-27,0.43340569531349765
2020-12-28,0.9555612310049802
2020-12-29,0.8175201123738987
2020-12-30,0.9559443238411441
2020-12-31,0.950836419358958
2021-01-01,0.9048652790192824
2021-01-02,0.6068190524837186
2021-01-03,0.957859788021964
2021-01-04,0.9908057719320649
2021-01-05,0.968203294598391
2021-01-06,0.8177755075980079
2021-01-07,0.9868471459583705
2021-01-08,0.9979568382071256
2021-01-09,0.8394841016472991
2021-01-10,0.7045077257055293
2021-01-11,0.993359724173158
2021-01-12,0.9413867960669136
2021-01-13,0.9978291405950709
2021-01-14,0.8915847273655982
2021-01-15,0.8537862341974205
2021-01-16,0.6848422934491125
2021-01-17,0.897203422296003
2021-01-18,0.6429574766951858
2021-01-19,0.7048908185416932
2021-01-20,0.567488187970885
2021-01-21,0.6544502617801047
2021-01-22,0.8895415655727238
2021-01-23,0.8351423828374409
2021-01-24,0.9850593793896054
2021-01-25,0.9526241859277231
2021-01-26,0.9454731196526625
2021-01-27,0.9664155280296258
2021-01-28,0.983016217596731
2021-01-29,0.900523560209424
2021-01-30,0.9811007534159111
2021-01-31,0.8098582556506193
2021-02-01,0.9750989656493424
2021-02-02,0.8454858894138679
2021-02-03,0.9523687907036138
2021-02-04,0.9794406844592006
2021-02-05,0.7937683565317328
2021-02-06,0.7679734388966927
2021-02-07,0.929383220533776
2021-02-08,0.9987230238794534
2021-02-09,0.7025922615247094
2021-02-10,0.8516153747924914
2021-02-11,0.9779083131145447
2021-02-12,0.9148256927595454
2021-02-13,0.8545524198697484
2021-02-14,0.7503511684331503
2021-02-15,0.6940365215170476
2021-02-16,0.3897331119908058
2021-02-17,0.7160005107904482
2021-02-18,0.7953007278763887
2021-02-19,0.5252202783807943
2021-02-20,0.6651768611926957
2021-02-21,0.9495594432384115
2021-02-22,0.7168943940748308
2021-02-23,0.5651896309539012
2021-02-24,0.957093602349636
2021-02-25,0.6647937683565317
2021-02-26,0.4178265866428298
2021-02-27,0.8762610139190398
2021-02-28,0.9167411569403652
2021-03-01,0.9735665943046865
2021-03-02,0.7656748818797089
2021-03-03,0.4618822628016856
2021-03-04,0.38730685736176734
2021-03-05,0.873579364065892
2021-03-06,0.7836802451794151
2021-03-07,0.7660579747158728
2021-03-08,0.6711786489592645
2021-03-09,0.8299067807432001
2021-03-10,0.6178010471204188
2021-03-11,0.4396628783041757
2021-03-12,0.7313242242370067
2021-03-13,0.7938960541437875
2021-03-14,0.897203422296003
2021-03-15,0.7128080704890819
2021-03-16,0.8327161282084025
2021-03-17,0.9620738092197676
2021-03-18,0.940109819946367
2021-03-19,0.967820201762227
2021-03-20,0.8711531094368535
2021-03-21,0.6033712169582429
2021-03-22,0.7328565955816626
2021-03-23,0.9201889924658408
2021-03-24,0.6501085429702465
2021-03-25,0.6665815349252969
2021-03-26,0.34772059762482443
2021-03-27,0.3888392287064232
2021-03-28,0.40697228961818416
2021-03-29,0.6603243519346188
2021-03-30,0.5233048141999744
2021-03-31,0.6816498531477462
2021-04-01,0.21568126676031157
2021-04-02,0.6358064104201251
2021-04-03,0.813689184012259
2021-04-04,0.9481547695058102
2021-04-05,0.7061677946622398
2021-04-06,0.7097433277997701
2021-04-07,0.83731324224237
2021-04-08,0.9325756608351424
2021-04-09,0.7873834759290002
2021-04-10,0.24466862469671818
2021-04-11,0.15681266760311582
2021-04-12,0.6292938322053377
2021-04-13,0.8680883667475419
2021-04-14,0.8411441706040097
2021-04-15,0.9443238411441706
2021-04-16,0.9259353850083003
2021-04-17,0.880219639892734
2021-04-18,0.807048908185417
2021-04-19,0.9224875494828246
2021-04-20,0.9753543608734516
2021-04-21,0.7655471842676542
2021-04-22,0.4431107138296514
2021-04-23,0.81700932192568
2021-04-24,0.7260886221427659
2021-04-25,0.5434810369046099
2021-04-26,0.7522666326139701
2021-04-27,0.8707700166006895
2021-04-28,0.44681394457923634
2021-04-29,0.5632741667730814
2021-04-30,0.5116843315030009
2021-05-01,0.5187077001660069
2021-05-02,0.819946367002937
2021-05-03,0.8172647171497893
2021-05-04,0.4755459072915337
2021-05-05,0.26152470948793255
2021-05-06,0.6695185800025539
2021-05-07,0.6985059379389605
2021-05-08,0.8892861703486145
2021-05-09,0.5847273655982633
2021-05-10,0.16460222193844976
2021-05-11,0.29217213638104966
2021-05-12,0.7258332269186566
2021-05-13,0.7410292427531605
2021-05-14,0.6627506065636573
2021-05-15,0.5160260503128592
2021-05-16,0.433277997701443
2021-05-17,0.7440939854424722
2021-05-18,0.9292555229217213
2021-05-19,0.9623292044438769
2021-05-20,0.86693908823905
2021-05-21,0.7406461499169965
2021-05-22,0.3843698122845103
2021-05-23,0.3073681522155536
2021-05-24,0.8671944834631592
2021-05-25,0.44681394457923634
2021-05-26,0.5161537479249138
2021-05-27,0.4431107138296514
2021-05-28,0.6688800919422807
2021-05-29,0.7958115183246073
2021-05-30,0.8748563401864385
2021-05-31,0.9121440429063976
2021-06-01,0.9694802707189376
2021-06-02,0.9708849444515387
2021-06-03,0.8951602605031286
2021-06-04,0.7871280807048908
2021-06-05,0.6633890946239306
2021-06-06,0.7230238794534543
2021-06-07,0.601838845613587
2021-06-08,0.4987868726854808
2021-06-09,0.5960924530711276
2021-06-10,0.6317200868343762
2021-06-11,0.7010598901800537
2021-06-12,0.5461626867577576
2021-06-13,0.6843315030008938
2021-06-14,0.718299067807432
2021-06-15,0.5611033073681522
2021-06-16,0.7250670412463287
2021-06-17,0.6402758268420381
2021-06-18,0.49278508491891204
2021-06-19,0.4059507087217469
2021-06-20,0.552292172136381
2021-06-21,0.24326395096411696
2021-06-22,0.2061039458562125
2021-06-23,0.3381432767207253
2021-06-24,0.3100498020687013
2021-06-25,0.3441450644872941
2021-06-26,0.3484867832971523
2021-06-27,0.7056570042140212
2021-06-28,0.6746264844847402
2021-06-29,0.5202400715106628
2021-06-30,0.32677818924786106
2021-07-01,0.4380028093474652
2021-07-02,0.5589324479632231
2021-07-03,0.7115310943685353
2021-07-04,0.7374537096156302
2021-07-05,0.8910739369173797
2021-07-06,0.8502107010598902
2021-07-07,0.63401864385136
2021-07-08,0.14110586132039332
2021-07-09,0.026944196143532117
2021-07-10,0.1169710126420636
2021-07-11,0.20444387689950197
2021-07-12,0.24556250798110074
2021-07-13,0.1614097816370834
2021-07-14,0.03460605286681139
2021-07-15,0.03115821734133572
2021-07-16,0.21376580257949176
2021-07-17,0.24313625335206232
2021-07-18,0.09909334695441195
2021-07-19,0.33673860298812414
2021-07-20,0.4514110586132039
2021-07-21,0.7697612054654578
2021-07-22,0.6172902566722003
2021-07-23,0.28131783935640403
2021-07-24,0.35487166389988506
2021-07-25,0.24364704380028093
2021-07-26,0.20699782914059506
2021-07-27,0.17366875239433022
2021-07-28,0.2333035372238539
2021-07-29,0.25973694291916744
2021-07-30,0.4108032179798238
2021-07-31,0.30047248116460223
2021-08-01,0.18452304941897588
2021-08-02,0.35819180181330607
2021-08-03,0.5627633763248627
2021-08-04,0.3887115310943685
2021-08-05,0.5428425488443366
2021-08-06,0.5567615885582939
2021-08-07,0.5632741667730814
2021-08-08,0.2732728897969608
2021-08-09,0.3792619078023241
2021-08-10,0.4793768356531733
2021-08-11,0.19639892734005873
2021-08-12,0.41757119141872046
2021-08-13,0.4849955305835781
2021-08-14,0.3132422423700677
2021-08-15,0.22474779721619206
2021-08-16,0.2929383220533776
2021-08-17,0.2781253990550377
2021-08-18,0.5321159494317457
2021-08-19,0.5528029625845997
2021-08-20,0.5955816626229089
2021-08-21,0.4337887881496616
2021-08-22,0.36470438002809347
2021-08-23,0.37287702719959137
2021-08-24,0.3896054143787511
2021-08-25,0.6037543097944068
2021-08-26,0.6441067552036777
2021-08-27,0.753415911122462
2021-08-28,0.42140211978036013
2021-08-29,0.48231388073043036
2021-08-30,0.48129229983399313
2021-08-31,0.48116460222193846
2021-09-01,0.6072021453198825
2021-09-02,0.9319371727748691
2021-09-03,0.5880475035116843
2021-09-04,0.6653045588047504
2021-09-05,0.5987741029242754
2021-09-06,0.5370961563018771
2021-09-07,0.14378751117354105
2021-09-08,0.05069595198569787
2021-09-09,8.938832843825821e-4
2021-09-10,0.04201251436598136
2021-09-11,0.24811646022219386
2021-09-12,0.2940876005618695
2021-09-13,0.17047631209296385
2021-09-14,0.3761971651130124
2021-09-15,0.19167411569403653
2021-09-16,0.20150683182224494
2021-09-17,0.5554846124377474
2021-09-18,0.7974715872813178
2021-09-19,0.8459966798620866
2021-09-20,0.802962584599668
2021-09-21,0.950836419358958
2021-09-22,0.9897841910356276
2021-09-23,0.9720342229600306
2021-09-24,0.9495594432384115
2021-09-25,0.8679606691354872
2021-09-26,0.8417826586642829
2021-09-27,0.5862597369429192
2021-09-28,0.8470182607585238
2021-09-29,0.8504660962839995
2021-09-30,0.2611416166517686
2021-10-01,0.16421912910228578
2021-10-02,0.1869493040480143
2021-10-03,0.20163452943429958
2021-10-04,0.42574383859021836
2021-10-05,0.2753160515898353
2021-10-06,0.12501596220150682
2021-10-07,0.18477844464308518
2021-10-08,0.2507981100753416
2021-10-09,0.3413357170220917
2021-10-10,0.3046865023624058
2021-10-11,0.3671306346571319
2021-10-12,0.7747414123355894
2021-10-13,0.9481547695058102
2021-10-14,0.690588685991572
2021-10-15,0.24185927723151576
2021-10-16,0.7606946750095773
2021-10-17,0.7461371472353467
2021-10-18,0.6787128080704891
2021-10-19,0.5992848933724939
2021-10-20,0.3654705657004214
2021-10-21,0.46711786489592644
2021-10-22,0.26573873068573617
2021-10-23,0.6299323202656111
2021-10-24,0.8205848550632103
2021-10-25,0.2012514365981356
2021-10-26,0.029370450772570552
2021-10-27,0.3161792874473247
2021-10-28,0.49099731835014687
2021-10-29,0.5111735410547823
2021-10-30,0.2633124760566977
2021-10-31,0.08887753799003958
2021-11-01,0.47350274549865917
2021-11-02,0.9204443876899502
2021-11-03,0.7931298684714596
2021-11-04,0.8638743455497382
2021-11-05,0.827352828502107
2021-11-06,0.6038820074064615
2021-11-07,0.49457285148767716
2021-11-08,0.8729408760056186
2021-11-09,0.8651513216702847
2021-11-10,0.16370833865406717
2021-11-11,0.15425871536202274
2021-11-12,0.38130506959519855
2021-11-13,0.3170731707317073
2021-11-14,0.598518707700166
2021-11-15,0.6036266121823521
2021-11-16,0.334184650747031
2021-11-17,0.24594560081726471
2021-11-18,0.6070744477078278
2021-11-19,0.9407483080066402
2021-11-20,0.8671944834631592
2021-11-21,0.6714340441833738
2021-11-22,0.8156046481930788
2021-11-23,0.753415911122462
2021-11-24,0.6119269569659047
2021-11-25,0.45217724428553185
2021-11-26,0.7677180436725833
2021-11-27,0.8885199846762866
2021-11-28,0.9187843187332397
2021-11-29,0.997062954922743
2021-11-30,0.8011748180309028
2021-12-01,0.8945217724428554
2021-12-02,0.7213638104967437
2021-12-03,0.8923509130379262
2021-12-04,0.6875239433022603
2021-12-05,0.954156557272379
2021-12-06,0.9795683820712553
2021-12-07,0.9651385519090793
2021-12-08,0.9539011620482697
2021-12-09,0.960413740263057
2021-12-10,0.9415144936789682
2021-12-11,0.8472736559826332
2021-12-12,0.9988507214915081
2021-12-13,0.9748435704252331
2021-12-14,0.9848039841654961
2021-12-15,0.9798237772953646
2021-12-16,0.9919550504405568
2021-12-17,0.9914442599923381
2021-12-18,0.9524964883156685
2021-12-19,0.9115055548461244
2021-12-20,0.9101008811135232
2021-12-21,0.7983654705657004
2021-12-22,0.7144681394457923
2021-12-23,0.5346699016728387
2021-12-24,0.8723023879453454
2021-12-25,0.9062699527518835
2021-12-26,0.7638871153109437
2021-12-27,0.8021963989273401
2021-12-28,0.9487932575660835
2021-12-29,0.9584982760822373
2021-12-30,0.8135614864002043
2021-12-31,0.9522410930915592
2022-01-01,0.9646277614608607
2022-01-02,0.6166517686119269
2022-01-03,0.9309155918784319
2022-01-04,0.6880347337504789
2022-01-05,0.9512195121951219
2022-01-06,0.8470182607585238
2022-01-07,0.5051717532882135
2022-01-08,0.5369684586898225
2022-01-09,0.9825054271485123
2022-01-10,0.976375941769889
2022-01-11,0.9072915336483208
2022-01-12,0.66172902566722
2022-01-13,0.6013280551653684
2022-01-14,0.9399821223343123
2022-01-15,0.7825309666709233
2022-01-16,0.9037160005107905
2022-01-17,0.9501979312986847
2022-01-18,0.9118886476822884
2022-01-19,0.8110075341591112
2022-01-20,0.6475545907291533
2022-01-21,0.8222449240199208
2022-01-22,0.8046226535563785
2022-01-23,0.7975992848933725
2022-01-24,0.9221044566466607
2022-01-25,0.9130379261907803
2022-01-26,0.9343634274039075
2022-01-27,0.8353977780615502
2022-01-28,0.9592644617545651
2022-01-29,0.9244030136636445
2022-01-30,0.8360362661218235
2022-01-31,0.8837951730302643
2022-02-01,0.82441578342485
2022-02-02,0.9713957348997574
2022-02-03,0.9466223981611543
2022-02-04,0.7838079427914698
2022-02-05,0.8093474652024008
2022-02-06,0.7392414761843954
2022-02-07,0.9842931937172775
2022-02-08,0.9798237772953646
2022-02-09,0.8125399055037671
2022-02-10,0.7824032690588686
2022-02-11,0.6880347337504789
2022-02-12,0.8679606691354872
2022-02-13,0.20878559570936023
2022-02-14,0.17162559060145574
2022-02-15,0.2831056059251692
2022-02-16,0.7770399693525731
2022-02-17,0.8028348869876133
2022-02-18,0.8775379900395862
2022-02-19,0.6783297152343252
2022-02-20,0.6083514238283744
2022-02-21,0.4377474141233559
2022-02-22,0.7363044311071383
2022-02-23,0.5554846124377474
2022-02-24,0.7953007278763887
2022-02-25,0.5906014557527774
2022-02-26,0.6494700549099732
2022-02-27,0.7406461499169965
2022-02-28,0.6082237262163197
2022-03-01,0.9713957348997574
2022-03-02,0.9831439152087856
2022-03-03,0.9752266632613971
2022-03-04,0.9639892734005874
2022-03-05,0.986336355510152
2022-03-06,0.8763887115310943
2022-03-07,0.986336355510152
2022-03-08,0.9671817137019538
2022-03-09,0.7779338526369557
2022-03-10,0.7838079427914698
2022-03-11,0.5141105861320393
2022-03-12,0.37632486272506704
2022-03-13,0.6337632486272506
2022-03-14,0.5222832333035372
2022-03-15,0.1624313625335206
2022-03-16,0.48933724939343637
2022-03-17,0.40927084663516794
2022-03-18,0.39381943557655474
2022-03-19,0.10330736815221556
2022-03-20,0.2880858127953007
2022-03-21,0.035883028987357936
2022-03-22,0.02541182479887626
2022-03-23,0.0035755331375303284
2022-03-24,0.07342612693142639
2022-03-25,0.2852764653300983
2022-03-26,0.20572085302004853
2022-03-27,0.6562380283488699
2022-03-28,0.27991316562380286
2022-03-29,0.41195249648831567
2022-03-30,0.6775635295619972
2022-03-31,0.883922870642319
2022-04-01,0.6787128080704891
2022-04-02,0.7792108287575022
2022-04-03,0.9384497509896564
2022-04-04,0.7790831311454476
2022-04-05,0.7801047120418848
2022-04-06,0.6475545907291533
2022-04-07,0.316817775507598
2022-04-08,0.6921210573362279
2022-04-09,0.7225130890052356
2022-04-10,0.8052611416166517
2022-04-11,0.8176478099859532
2022-04-12,0.9265738730685736
2022-04-13,0.781126292938322
2022-04-14,0.7502234708210956
2022-04-15,0.30941131400842803
2022-04-16,0.8693653428680884
2022-04-17,0.9734388966926318
2022-04-18,0.9803345677435832
2022-04-19,0.7503511684331503
2022-04-20,0.9167411569403652
2022-04-21,0.919805899629677
2022-04-22,0.9421529817392414
2022-04-23,0.8472736559826332
2022-04-24,0.517558421657515
2022-04-25,0.394074830800664
2022-04-26,0.5024901034350657
2022-04-27,0.6217596730941132
2022-04-28,0.4689056314646916
2022-04-29,0.6688800919422807
2022-04-30,0.5588047503511684
2022-05-01,0.4141233558932448
2022-05-02,0.38947771676669646
2022-05-03,0.4841016472991955
2022-05-04,0.5616140978163708
2022-05-05,0.11505554846124377
2022-05-06,0.11850338398671945
2022-05-07,0.3579364065891968
2022-05-08,0.22078917124249778
2022-05-09,0.4206359341080322
2022-05-10,0.27965777039969353
2022-05-11,0.26254629038436983
2022-05-12,0.032562891073936916
2022-05-13,0.5351806921210573
2022-05-14,0.8305452688034733
2022-05-15,0.7292810624441323
2022-05-16,0.44234452815732345
2022-05-17,0.4284254884433661
2022-05-18,0.8394841016472991
2022-05-19,0.34376197165113015
2022-05-20,0.3276720725322437
2022-05-21,0.7613331630698505
2022-05-22,0.9000127697612055
2022-05-23,0.8282467117864896
2022-05-24,0.3930532499042268
2022-05-25,0.5115566338909462
2022-05-26,0.757119141872047
2022-05-27,0.5091303792619079
2022-05-28,0.5755331375303282
2022-05-29,0.7299195505044056
2022-05-30,0.7006767973438897
2022-05-31,0.48193078789426635
2022-06-01,0.277997701442983
2022-06-02,0.2991955050440557
2022-06-03,0.3474652024007151
2022-06-04,0.2947260886221428
2022-06-05,0.7998978419103563
2022-06-06,0.44987868726854807
2022-06-07,0.3717277486910995
2022-06-08,0.23343123483590858
2022-06-09,0.341591112246201
2022-06-10,0.29574766951858
2022-06-11,0.26190780232409655
2022-06-12,0.2470948793257566
2022-06-13,0.2533520623164347
2022-06-14,0.49291278253096665
2022-06-15,0.6278891584727365
2022-06-16,0.686502362405823
2022-06-17,0.6033712169582429
2022-06-18,0.6516409143149023
2022-06-19,0.08376963350785341
2022-06-20,0.0028093474652024007
2022-06-21,0.3458051334440046
2022-06-22,0.7738475290512068
2022-06-23,0.8541693270335845
2022-06-24,0.6811390626995275
2022-06-25,0.605158983527008
2022-06-26,0.6162686757757629
2022-06-27,0.47324735027454984
2022-06-28,0.3106882901289746
2022-06-29,0.1253990550376708
2022-06-30,0.34491125015962204
2022-07-01,0.13893500191546418
2022-07-02,0.10126420635934108
2022-07-03,0.3401864385135998
2022-07-04,0.22423700676797345
2022-07-05,0.19895287958115182
2022-07-06,0.3035372238539139
2022-07-07,0.5221555356914825
2022-07-08,0.28783041757119143
2022-07-09,0.5344145064487295
2022-07-10,0.7237900651257821
2022-07-11,0.8814966160132806
2022-07-12,0.6075852381560465
2022-07-13,0.6805005746392543
2022-07-14,0.6520240071510662
2022-07-15,0.42101902694419613
2022-07-16,0.4099093346954412
2022-07-17,0.5814072276848423
2022-07-18,0.4838462520750862
2022-07-19,0.5253479759928489
2022-07-20,0.42408376963350786
2022-07-21,0.32562891073936917
2022-07-22,0.4387689950197931
2022-07-23,0.3724939343634274
2022-07-24,0.4101647299195505
2022-07-25,0.7451155663389094
2022-07-26,0.4371089260630826
2022-07-27,0.594815476950581
2022-07-28,0.38130506959519855
2022-07-29,0.2879581151832461
2022-07-30,0.2999616907163836
2022-07-31,0.3292044438768995
2022-08-01,0.7873834759290002
2022-08-02,0.7350274549865917
2022-08-03,0.7191929510918146
2022-08-04,0.7483080066402759
2022-08-05,0.6900778955433533
2022-08-06,0.23189886349125272
2022-08-07,0.28285021070105987
2022-08-08,0.46060528668113904
2022-08-09,0.45920061294853787
2022-08-10,0.6384880602732729
2022-08-11,0.7310688290128975
2022-08-12,0.7546928872430085
2022-08-13,0.6577703996935257
2022-08-14,0.5907291533648321
2022-08-15,0.7766568765164091
2022-08-16,0.7984931681777551
2022-08-17,0.5920061294853787
2022-08-18,0.22244924019920828
2022-08-19,0.29561997190652534
2022-08-20,0.4941897586515132
2022-08-21,0.4773336738602988
2022-08-22,0.19014174434938066
2022-08-23,0.10471204188481675
2022-08-24,0.06372110841527263
2022-08-25,0.078534031413612565
2022-08-26,0.4146341463414634
2022-08-27,0.3857744860171115
2022-08-28,0.19141872046992722
2022-08-29,0.21491508108798366
2022-08-30,0.2644617545651896
2022-08-31,0.49572212999616905
2022-09-01,0.6455114289362789
2022-09-02,0.3447835525475674
2022-09-03,0.7138296513855191
2022-09-04,0.6816498531477462
2022-09-05,0.4454092708466352
2022-09-06,0.6465330098327161
2022-09-07,0.4869109947643979
2022-09-08,0.3303537223853914
2022-09-09,0.7045077257055293
2022-09-10,0.8288851998467629
2022-09-11,0.901289745881752
2022-09-12,0.897203422296003
2022-09-13,0.9628399948920955
2022-09-14,0.8247988762610139
2022-09-15,0.9347465202400715
2022-09-16,0.8387179159749713
2022-09-17,0.6981228451027965
2022-09-18,0.8047503511684332
2022-09-19,0.6185672327927467
2022-09-20,0.8578725577831695
2022-09-21,0.7311965266249522
2022-09-22,0.8611926956965905
2022-09-23,0.8523815604648193
2022-09-24,0.8383348231388073
2022-09-25,0.3170731707317073
2022-09-26,0.7663133699399821
2022-09-27,0.9747158728131784
2022-09-28,0.8961818413995658
2022-09-29,0.6493423572979186
2022-09-30,0.7204699272123611
2022-10-01,0.7001660068956711
2022-10-02,0.989273400587409
2022-10-03,0.7702719959136765
2022-10-04,0.7682288341208019
2022-10-05,0.5552292172136382
2022-10-06,0.1333163069850594
2022-10-07,0.07700166006895671
2022-10-08,0.044694164219129105
2022-10-09,0.4590729153364832
2022-10-10,0.5037670795556123
2022-10-11,NA
2022-10-12,NA
2022-10-13,NA
2022-10-14,NA
2022-10-15,NA
2022-10-16,NA
2022-10-17,NA
2022-10-18,NA
2022-10-19,NA
2022-10-20,NA
2022-10-21,NA
2022-10-22,NA
2022-10-23,NA
2022-10-24,0.7724428553186056
2022-10-25,0.9472608862214277
2022-10-26,0.9539011620482697
2022-10-27,0.7365598263312476
2022-10-28,0.8647682288341209
2022-10-29,0.668752394330226
2022-10-30,0.9457285148767718
2022-10-31,0.4363427403907547
2022-11-01,0.1509385774486017
2022-11-02,0.6156301877154897
2022-11-03,0.6843315030008938
2022-11-04,0.7643979057591623
2022-11-05,0.8253096667092326
2022-11-06,0.9395990294981483
2022-11-07,0.8370578470182608
2022-11-08,0.7143404418337377
2022-11-09,0.47350274549865917
2022-11-10,0.8210956455114289
2022-11-11,0.916485761716256
2022-11-12,0.6292938322053377
2022-11-13,0.7369429191674116
2022-11-14,0.4574128463797727
2022-11-15,0.6029881241220789
2022-11-16,0.9937428170093219
2022-11-17,0.9969352573106883
2022-11-18,0.9669263184778445
2022-11-19,0.9094623930532499
2022-11-20,0.98531477461371475
2022-11-21,0.9616907163836036
2022-11-22,0.9040990933469544
2022-11-23,0.9466223981611543
2022-11-24,0.9699910611671562
2022-11-25,0.9856978674498786
2022-11-26,0.9937428170093219
2022-11-27,0.9904226790959009
2022-11-28,0.9817392414761844
2022-11-29,0.8366747541820968
2022-11-30,0.9263184778444643
2022-12-01,0.8656621121185034
2022-12-02,0.9494317456263568
2022-12-03,0.9247861064998084
2022-12-04,0.6248244157834248
2022-12-05,0.6807559698633635
2022-12-06,0.57119141872047
2022-12-07,0.9111224620099604
2022-12-08,0.883922870642319
2022-12-09,0.9380666581534925
2022-12-10,0.9938705146213765
2022-12-11,0.9911888647682289
2022-12-12,0.9790575916230366
2022-12-13,0.9415144936789682
2022-12-14,0.7227684842293449
2022-12-15,0.9355127059123994
2022-12-16,0.9948920955178138
2022-12-17,0.9547950453326522
2022-12-18,0.9544119524964884
2022-12-19,0.7960669135487166
2022-12-20,0.6978674498786873
2022-12-21,0.8459966798620866
2022-12-22,0.8827735921338271
2022-12-23,0.8189247861064998
2022-12-24,0.96488315668497
2022-12-25,0.9864640531222066
2022-12-26,0.9785468011748181
2022-12-27,0.9613076235474397
2022-12-28,0.5787255778316945
2022-12-29,0.6484484740135359
2022-12-30,0.7729536457668241
2022-12-31,0.7454986591750734
2023-01-01,0.9914442599923381
2023-01-02,0.7624824415783424
2023-01-03,0.6027327288979696
2023-01-04,0.5733622781253991
2023-01-05,0.9882518196909718
2023-01-06,0.9728004086323586
2023-01-07,0.8076873962456902
2023-01-08,0.7531605158983528
2023-01-09,0.8519984676286554
2023-01-10,0.8434427276209935
2023-01-11,0.7296641552802963
2023-01-12,0.9731835014685225
2023-01-13,0.9111224620099604
2023-01-14,0.9906780743200102
2023-01-15,0.9441961435321159
2023-01-16,0.9873579364065892
2023-01-17,0.9724173157961946
2023-01-18,0.9581151832460733
2023-01-19,0.7964500063848806
2023-01-20,0.7523943302260248
2023-01-21,0.8295236879070361
2023-01-22,0.9716511301238667
2023-01-23,0.869493040480143
2023-01-24,0.826969735665943
2023-01-25,0.795939215936662
2023-01-26,NA
2023-01-27,NA
2023-01-28,NA
2023-01-29,NA
2023-01-30,NA
2023-01-31,NA
2023-02-01,NA
2023-02-02,NA
2023-02-03,NA
2023-02-04,NA
2023-02-05,NA
2023-02-06,NA
2023-02-07,NA
2023-02-08,NA
2023-02-09,NA
2023-02-10,NA
2023-02-11,NA
2023-02-12,NA
2023-02-13,NA
2023-02-14,NA
2023-02-15,NA
2023-02-16,NA
2023-02-17,NA
2023-02-18,NA
2023-02-19,NA
2023-02-20,NA
2023-02-21,NA
2023-02-22,NA
2023-02-23,NA
2023-02-24,NA
2023-02-25,NA
2023-02-26,NA
2023-02-27,NA
2023-02-28,NA
2023-03-01,NA
2023-03-02,NA
2023-03-03,NA
2023-03-04,NA
2023-03-05,NA
2023-03-06,NA
2023-03-07,NA
2023-03-08,NA
2023-03-09,NA
2023-03-10,NA
2023-03-11,NA
2023-03-12,NA
2023-03-13,NA
2023-03-14,NA
2023-03-15,NA
2023-03-16,NA
2023-03-17,NA
2023-03-18,NA
2023-03-19,NA
2023-03-20,NA
2023-03-21,NA
2023-03-22,NA
2023-03-23,NA
2023-03-24,NA
2023-03-25,NA
2023-03-26,NA
2023-03-27,NA
2023-03-28,NA
2023-03-29,NA
2023-03-30,NA
2023-03-31,NA
2023-04-01,NA
2023-04-02,NA
2023-04-03,NA
2023-04-04,NA
2023-04-05,NA
2023-04-06,NA
2023-04-07,NA
2023-04-08,NA
2023-04-09,NA
2023-04-10,NA
2023-04-11,NA
2023-04-12,NA
2023-04-13,NA
2023-04-14,NA
2023-04-15,NA
2023-04-16,NA
2023-04-17,NA
2023-04-18,NA
2023-04-19,NA
2023-04-20,NA
2023-04-21,NA
2023-04-22,NA
2023-04-23,NA
2023-04-24,NA
2023-04-25,NA
2023-04-26,NA
2023-04-27,NA
2023-04-28,NA
2023-04-29,NA
2023-04-30,NA
2023-05-01,NA
2023-05-02,NA
2023-05-03,NA
2023-05-04,NA
2023-05-05,NA
2023-05-06,NA
2023-05-07,NA
2023-05-08,NA
2023-05-09,NA
2023-05-10,NA
2023-05-11,NA
2023-05-12,NA
2023-05-13,NA
2023-05-14,NA
2023-05-15,NA
2023-05-16,NA
2023-05-17,NA
2023-05-18,NA
2023-05-19,NA
2023-05-20,NA
2023-05-21,NA
2023-05-22,NA
2023-05-23,NA
2023-05-24,NA
2023-05-25,NA
2023-05-26,NA
2023-05-27,NA
2023-05-28,NA
2023-05-29,NA
2023-05-30,NA
2023-05-31,NA
2023-06-01,NA
2023-06-02,NA
2023-06-03,NA
2023-06-04,NA
2023-06-05,NA
2023-06-06,NA
2023-06-07,NA
2023-06-08,NA
2023-06-09,NA
2023-06-10,NA
2023-06-11,NA
2023-06-12,NA
2023-06-13,NA
2023-06-14,NA
2023-06-15,NA
2023-06-16,NA
2023-06-17,NA
2023-06-18,NA
2023-06-19,NA
2023-06-20,NA
2023-06-21,NA
2023-06-22,NA
2023-06-23,NA
2023-06-24,NA
2023-06-25,NA
2023-06-26,NA
2023-06-27,NA
2023-06-28,NA
2023-06-29,NA
2023-06-30,NA
2023-07-01,NA
2023-07-02,NA
2023-07-03,NA
2023-07-04,NA
2023-07-05,NA
2023-07-06,NA
2023-07-07,NA
2023-07-08,NA
2023-07-09,NA
2023-07-10,NA
2023-07-11,NA
2023-07-12,NA
2023-07-13,NA
2023-07-14,NA
2023-07-15,NA
2023-07-16,NA
2023-07-17,NA
2023-07-18,NA
2023-07-19,NA
2023-07-20,NA
2023-07-21,NA
2023-07-22,NA
2023-07-23,NA
2023-07-24,NA
2023-07-25,NA
2023-07-26,NA
2023-07-27,NA
2023-07-28,NA
2023-07-29,NA
2023-07-30,NA
2023-07-31,NA
2023-08-01,NA
2023-08-02,NA
2023-08-03,NA
2023-08-04,NA
2023-08-05,NA
2023-08-06,NA
2023-08-07,NA
2023-08-08,NA
2023-08-09,NA
2023-08-10,NA
2023-08-11,NA
2023-08-12,NA
2023-08-13,NA
2023-08-14,NA
2023-08-15,NA
2023-08-16,NA
2023-08-17,NA
2023-08-18,NA
2023-08-19,NA
2023-08-20,NA
2023-08-21,NA
2023-08-22,NA
2023-08-23,NA
2023-08-24,NA
2023-08-25,NA
2023-08-26,NA
2023-08-27,NA
2023-08-28,NA
2023-08-29,NA
2023-08-30,NA
2023-08-31,NA
2023-09-01,NA
2023-09-02,NA
2023-09-03,NA
2023-09-04,NA
2023-09-05,NA
2023-09-06,NA
2023-09-07,NA
2023-09-08,NA
2023-09-09,NA
2023-09-10,NA
2023-09-11,NA
2023-09-12,NA
2023-09-13,NA
2023-09-14,NA
2023-09-15,NA
2023-09-16,NA
2023-09-17,NA
2023-09-18,NA
2023-09-19,NA
2023-09-20,NA
2023-09-21,NA
2023-09-22,NA
2023-09-23,NA
2023-09-24,NA
2023-09-25,NA
2023-09-26,NA
2023-09-27,NA
2023-09-28,NA
2023-09-29,NA
2023-09-30,NA
2023-10-01,NA
2023-10-02,NA
2023-10-03,NA
2023-10-04,NA
2023-10-05,NA
2023-10-06,NA
2023-10-07,NA
2023-10-08,NA
2023-10-09,NA
2023-10-10,NA
2023-10-11,NA
2023-10-12,NA
2023-10-13,NA
2023-10-14,NA
2023-10-15,NA
2023-10-16,NA
2023-10-17,NA
2023-10-18,NA
2023-10-19,NA
2023-10-20,NA
2023-10-21,NA
2023-10-22,NA
2023-10-23,NA
2023-10-24,NA
2023-10-25,NA
2023-10-26,NA
2023-10-27,NA
2023-10-28,NA
2023-10-29,NA
2023-10-30,NA
2023-10-31,NA
2023-11-01,NA
2023-11-02,NA
2023-11-03,NA
2023-11-04,NA
2023-11-05,NA
2023-11-06,NA
2023-11-07,NA
2023-11-08,NA
2023-11-09,NA
2023-11-10,NA
2023-11-11,NA
2023-11-12,NA
2023-11-13,NA
2023-11-14,NA
2023-11-15,NA
2023-11-16,NA
2023-11-17,NA
2023-11-18,NA
2023-11-19,NA
2023-11-20,NA
2023-11-21,NA
2023-11-22,NA
2023-11-23,NA
2023-11-24,NA
2023-11-25,NA
2023-11-26,NA
2023-11-27,NA
2023-11-28,NA
2023-11-29,NA
2023-11-30,NA
2023-12-01,NA
2023-12-02,NA
2023-12-03,NA
2023-12-04,NA
2023-12-05,NA
2023-12-06,NA
2023-12-07,NA
2023-12-08,NA
2023-12-09,NA
2023-12-10,NA
2023-12-11,NA
2023-12-12,NA
2023-12-13,NA
2023-12-14,NA
2023-12-15,NA
2023-12-16,NA
2023-12-17,NA
2023-12-18,NA
2023-12-19,NA
2023-12-20,NA
2023-12-21,NA
2023-12-22,NA
2023-12-23,NA
2023-12-24,NA
2023-12-25,NA
2023-12-26,NA
2023-12-27,NA
2023-12-28,NA
2023-12-29,NA
2023-12-30,NA
2023-12-31,NA
