date,cloud_cover_in_country,cloud_cover_in_east_of_country
2022-01-01,0.9646277614608608,0.9463463463463464
2022-01-02,0.6166517686119269,0.6780780780780781
2022-01-03,0.930915591878432,0.9835835835835836
2022-01-04,0.6880347337504789,0.6198198198198198
2022-01-05,0.951219512195122,0.986186186186186
2022-01-06,0.8470182607585238,0.8382382382382383
2022-01-07,0.5051717532882135,0.5419419419419419
2022-01-08,0.5369684586898225,0.31351351351351353
2022-01-09,0.9825054271485124,0.9995995995995997
2022-01-10,0.976375941769889,0.9663663663663664
2022-01-11,0.9072915336483208,0.901901901901902
2022-01-12,0.66172902566722,0.7203203203203203
2022-01-13,0.6013280551653684,0.48228228228228226
2022-01-14,0.9399821223343124,0.9907907907907908
2022-01-15,0.7825309666709233,0.7123123123123123
2022-01-16,0.9037160005107904,0.9687687687687688
2022-01-17,0.9501979312986848,0.9529529529529528
2022-01-18,0.9118886476822884,0.9337337337337336
2022-01-19,0.8110075341591112,0.795995995995996
2022-01-20,0.6475545907291533,0.5951951951951951
2022-01-21,0.8222449240199208,0.786986986986987
2022-01-22,0.8046226535563785,0.7343343343343344
2022-01-23,0.7975992848933725,0.78998998998999
2022-01-24,0.9221044566466609,0.9415415415415416
2022-01-25,0.9130379261907804,0.8852852852852853
2022-01-26,0.9343634274039077,0.9049049049049048
2022-01-27,0.8353977780615502,0.7517517517517518
2022-01-28,0.9592644617545651,0.995995995995996
2022-01-29,0.9244030136636444,0.9611611611611612
2022-01-30,0.8360362661218235,0.8892892892892893
2022-01-31,0.8837951730302643,0.8552552552552553
2022-02-01,0.82441578342485,0.8714714714714715
2022-02-02,0.9713957348997574,0.96996996996997
2022-02-03,0.9466223981611545,0.9873873873873874
2022-02-04,0.7838079427914698,0.7743743743743744
2022-02-05,0.8093474652024008,0.7119119119119119
2022-02-06,0.7392414761843954,0.7173173173173173
2022-02-07,0.9842931937172776,0.983983983983984
2022-02-08,0.9798237772953646,1
2022-02-09,0.8125399055037671,0.7647647647647647
2022-02-10,0.7824032690588686,0.772972972972973
2022-02-11,0.6880347337504789,0.6358358358358358
2022-02-12,0.8679606691354872,0.8666666666666667
2022-02-13,0.20878559570936023,0.209009009009009
2022-02-14,0.17162559060145574,0.17597597597597597
2022-02-15,0.2831056059251692,0.2718718718718719
2022-02-16,0.7770399693525731,0.7631631631631631
2022-02-17,0.8028348869876133,0.8058058058058059
2022-02-18,0.8775379900395862,0.8548548548548549
2022-02-19,0.6783297152343252,0.6292292292292292
2022-02-20,0.6083514238283744,0.45205205205205207
2022-02-21,0.4377474141233559,0.1991991991991992
2022-02-22,0.7363044311071383,0.8588588588588588
2022-02-23,0.5554846124377474,0.403003003003003
2022-02-24,0.7953007278763887,0.7365365365365365
2022-02-25,0.5906014557527774,0.6218218218218218
2022-02-26,0.6494700549099732,0.7023023023023023
2022-02-27,0.7406461499169965,0.7507507507507507
2022-02-28,0.6082237262163197,0.66006006006006
2022-03-01,0.9713957348997574,0.9993993993993994
2022-03-02,0.9831439152087856,0.9791791791791792
2022-03-03,0.9752266632613972,1
2022-03-04,0.9639892734005874,0.9627627627627628
2022-03-05,0.986336355510152,0.9965965965965966
2022-03-06,0.8763887115310943,0.8502502502502503
2022-03-07,0.986336355510152,0.982982982982983
2022-03-08,0.9671817137019538,0.9737737737737736
2022-03-09,0.7779338526369557,0.8716716716716717
2022-03-10,0.7838079427914698,0.7251251251251252
2022-03-11,0.5141105861320393,0.6408408408408408
2022-03-12,0.37632486272506704,0.34274274274274275
2022-03-13,0.6337632486272506,0.4694694694694695
2022-03-14,0.5222832333035372,0.6808808808808808
2022-03-15,0.1624313625335206,0.21421421421421424
2022-03-16,0.4893372493934364,0.34974974974974976
2022-03-17,0.40927084663516794,0.4484484484484485
2022-03-18,0.39381943557655474,0.5791791791791792
2022-03-19,0.10330736815221556,0.14614614614614616
2022-03-20,0.2880858127953007,0.3115115115115115
2022-03-21,0.03588302898735793,0.05625625625625626
2022-03-22,0.02541182479887626,0.03883883883883884
2022-03-23,0.00357553313753032,0.0032032032032032
2022-03-24,0.07342612693142639,0.03883883883883884
2022-03-25,0.2852764653300983,0.183983983983984
2022-03-26,0.20572085302004853,0.19539539539539535
2022-03-27,0.6562380283488699,0.796996996996997
2022-03-28,0.27991316562380286,0.3149149149149149
2022-03-29,0.41195249648831567,0.2936936936936937
2022-03-30,0.6775635295619972,0.6052052052052052
2022-03-31,0.883922870642319,0.8458458458458459
2022-04-01,0.6787128080704891,0.5987987987987988
2022-04-02,0.7792108287575022,0.6634634634634634
2022-04-03,0.9384497509896564,0.9147147147147148
2022-04-04,0.7790831311454476,0.7561561561561562
2022-04-05,0.7801047120418848,0.7047047047047047
2022-04-06,0.6475545907291533,0.6132132132132132
2022-04-07,0.316817775507598,0.15515515515515516
2022-04-08,0.6921210573362279,0.752952952952953
2022-04-09,0.7225130890052356,0.6386386386386387
2022-04-10,0.8052611416166517,0.7057057057057057
2022-04-11,0.8176478099859532,0.7623623623623623
2022-04-12,0.9265738730685736,0.9173173173173174
2022-04-13,0.781126292938322,0.9871871871871872
2022-04-14,0.7502234708210956,0.9495495495495496
2022-04-15,0.30941131400842803,0.35075075075075074
2022-04-16,0.8693653428680884,0.8226226226226226
2022-04-17,0.9734388966926318,0.995995995995996
2022-04-18,0.9803345677435832,0.9903903903903905
2022-04-19,0.7503511684331503,0.8486486486486486
2022-04-20,0.9167411569403652,0.9513513513513514
2022-04-21,0.919805899629677,0.9325325325325324
2022-04-22,0.9421529817392414,0.914114114114114
2022-04-23,0.8472736559826332,0.8482482482482483
2022-04-24,0.517558421657515,0.5575575575575575
2022-04-25,0.394074830800664,0.2610610610610611
2022-04-26,0.5024901034350657,0.2918918918918919
2022-04-27,0.6217596730941132,0.47227227227227225
2022-04-28,0.4689056314646916,0.3707707707707707
2022-04-29,0.6688800919422807,0.7063063063063063
2022-04-30,0.5588047503511684,0.5907907907907908
2022-05-01,0.4141233558932448,0.4754754754754755
2022-05-02,0.38947771676669646,0.391991991991992
2022-05-03,0.4841016472991955,0.47927927927927927
2022-05-04,0.5616140978163708,0.4532532532532533
2022-05-05,0.11505554846124376,0.12792792792792793
2022-05-06,0.11850338398671945,0.09349349349349348
2022-05-07,0.3579364065891968,0.10730730730730732
2022-05-08,0.22078917124249775,0.16916916916916916
2022-05-09,0.4206359341080322,0.35875875875875873
2022-05-10,0.27965777039969353,0.3891891891891892
2022-05-11,0.26254629038436983,0.3801801801801802
2022-05-12,0.03256289107393691,0.04524524524524524
2022-05-13,0.5351806921210573,0.377977977977978
2022-05-14,0.8305452688034733,0.843043043043043
2022-05-15,0.7292810624441323,0.7473473473473473
2022-05-16,0.44234452815732345,0.35395395395395396
2022-05-17,0.4284254884433661,0.5913913913913914
2022-05-18,0.8394841016472991,0.9255255255255256
2022-05-19,0.34376197165113015,0.5123123123123123
2022-05-20,0.3276720725322437,0.3031031031031031
2022-05-21,0.7613331630698505,0.6982982982982983
2022-05-22,0.9000127697612055,0.9097097097097095
2022-05-23,0.8282467117864896,0.7435435435435436
2022-05-24,0.3930532499042268,0.5183183183183183
2022-05-25,0.5115566338909462,0.3713713713713714
2022-05-26,0.757119141872047,0.8454454454454454
2022-05-27,0.5091303792619079,0.33693693693693694
2022-05-28,0.5755331375303282,0.5081081081081081
2022-05-29,0.7299195505044056,0.6582582582582582
2022-05-30,0.7006767973438897,0.56996996996997
2022-05-31,0.4819307878942663,0.4152152152152152
2022-06-01,0.277997701442983,0.13073073073073074
2022-06-02,0.2991955050440557,0.1927927927927928
2022-06-03,0.3474652024007151,0.3625625625625626
2022-06-04,0.2947260886221428,0.14374374374374374
2022-06-05,0.7998978419103563,0.752952952952953
2022-06-06,0.44987868726854807,0.3333333333333333
2022-06-07,0.3717277486910995,0.42542542542542544
2022-06-08,0.23343123483590855,0.2084084084084084
2022-06-09,0.341591112246201,0.4172172172172172
2022-06-10,0.29574766951858,0.16776776776776778
2022-06-11,0.26190780232409655,0.11991991991991992
2022-06-12,0.2470948793257566,0.12492492492492492
2022-06-13,0.2533520623164347,0.209009009009009
2022-06-14,0.49291278253096665,0.4184184184184184
2022-06-15,0.6278891584727365,0.49229229229229227
2022-06-16,0.686502362405823,0.8004004004004004
2022-06-17,0.6033712169582429,0.4640640640640641
2022-06-18,0.6516409143149023,0.7373373373373373
2022-06-19,0.08376963350785341,0.12072072072072072
2022-06-20,0.0028093474652024,0.0044044044044044
2022-06-21,0.3458051334440046,0.15315315315315314
2022-06-22,0.7738475290512068,0.7341341341341341
2022-06-23,0.8541693270335845,0.9351351351351352
2022-06-24,0.6811390626995275,0.7485485485485486
2022-06-25,0.605158983527008,0.8124124124124125
2022-06-26,0.6162686757757629,0.5503503503503504
2022-06-27,0.47324735027454984,0.4478478478478478
2022-06-28,0.3106882901289746,0.31351351351351353
2022-06-29,0.1253990550376708,0.1259259259259259
2022-06-30,0.34491125015962204,0.4926926926926926
2022-07-01,0.13893500191546418,0.07647647647647647
2022-07-02,0.10126420635934108,0.03603603603603603
2022-07-03,0.3401864385135998,0.05445445445445445
2022-07-04,0.22423700676797345,0.24224224224224225
2022-07-05,0.19895287958115185,0.17737737737737738
2022-07-06,0.3035372238539139,0.07247247247247247
2022-07-07,0.5221555356914825,0.3927927927927928
2022-07-08,0.28783041757119143,0.14994994994994995
2022-07-09,0.5344145064487295,0.4034034034034034
2022-07-10,0.7237900651257821,0.6648648648648648
2022-07-11,0.8814966160132806,0.9209209209209208
2022-07-12,0.6075852381560465,0.42542542542542544
2022-07-13,0.6805005746392543,0.5503503503503504
2022-07-14,0.6520240071510662,0.7439439439439439
2022-07-15,0.4210190269441962,0.23663663663663664
2022-07-16,0.4099093346954412,0.33013013013013015
2022-07-17,0.5814072276848423,0.4968968968968969
2022-07-18,0.4838462520750862,0.48308308308308306
2022-07-19,0.5253479759928489,0.3907907907907908
2022-07-20,0.42408376963350786,0.6034034034034034
2022-07-21,0.32562891073936917,0.4920920920920921
2022-07-22,0.4387689950197931,0.6254254254254255
2022-07-23,0.3724939343634274,0.5683683683683683
2022-07-24,0.4101647299195505,0.17697697697697698
2022-07-25,0.7451155663389094,0.8486486486486486
2022-07-26,0.4371089260630826,0.6278278278278279
2022-07-27,0.594815476950581,0.4498498498498498
2022-07-28,0.38130506959519855,0.3261261261261261
2022-07-29,0.2879581151832461,0.16456456456456456
2022-07-30,0.2999616907163836,0.23303303303303305
2022-07-31,0.3292044438768995,0.01281281281281281
2022-08-01,0.7873834759290002,0.7337337337337337
2022-08-02,0.7350274549865917,0.6812812812812813
2022-08-03,0.7191929510918146,0.8226226226226226
2022-08-04,0.7483080066402759,0.7363363363363363
2022-08-05,0.6900778955433533,0.751951951951952
2022-08-06,0.23189886349125272,0.05605605605605605
2022-08-07,0.28285021070105987,0.05605605605605605
2022-08-08,0.46060528668113904,0.33133133133133136
2022-08-09,0.45920061294853787,0.24084084084084084
2022-08-10,0.6384880602732729,0.5937937937937938
2022-08-11,0.7310688290128975,0.6976976976976977
2022-08-12,0.7546928872430085,0.6858858858858858
2022-08-13,0.6577703996935257,0.4980980980980981
2022-08-14,0.5907291533648321,0.6876876876876877
2022-08-15,0.7766568765164091,0.6998998998998999
2022-08-16,0.7984931681777551,0.77997997997998
2022-08-17,0.5920061294853787,0.43703703703703706
2022-08-18,0.22244924019920828,0.1923923923923924
2022-08-19,0.29561997190652534,0.45145145145145144
2022-08-20,0.4941897586515132,0.4808808808808809
2022-08-21,0.4773336738602988,0.3395395395395395
2022-08-22,0.19014174434938064,0.06826826826826826
2022-08-23,0.10471204188481675,0.05145145145145145
2022-08-24,0.06372110841527263,0.02162162162162162
2022-08-25,0.078534031413612565,0.11471471471471471
2022-08-26,0.4146341463414634,0.5915915915915916
2022-08-27,0.3857744860171115,0.5067067067067067
2022-08-28,0.1914187204699272,0.26086086086086085
2022-08-29,0.21491508108798368,0.1041041041041041
2022-08-30,0.2644617545651896,0.11531531531531532
2022-08-31,0.49572212999616905,0.3371371371371371
2022-09-01,0.6455114289362789,0.6604604604604605
2022-09-02,0.3447835525475674,0.11911911911911913
2022-09-03,0.7138296513855191,0.6108108108108108
2022-09-04,0.6816498531477462,0.7037037037037037
2022-09-05,0.4454092708466352,0.46546546546546547
2022-09-06,0.6465330098327161,0.7977977977977978
2022-09-07,0.4869109947643979,0.6122122122122122
2022-09-08,0.3303537223853914,0.44504504504504505
2022-09-09,0.7045077257055293,0.5409409409409409
2022-09-10,0.8288851998467629,0.7329329329329329
2022-09-11,0.901289745881752,0.9625625625625626
2022-09-12,0.897203422296003,0.8742742742742743
2022-09-13,0.9628399948920956,0.9597597597597598
2022-09-14,0.8247988762610139,0.8182182182182182
2022-09-15,0.9347465202400717,0.9069069069069068
2022-09-16,0.8387179159749713,0.8206206206206206
2022-09-17,0.6981228451027965,0.6
2022-09-18,0.8047503511684332,0.7089089089089089
2022-09-19,0.6185672327927467,0.4644644644644645
2022-09-20,0.8578725577831695,0.8008008008008008
2022-09-21,0.7311965266249522,0.6108108108108108
2022-09-22,0.8611926956965905,0.8022022022022022
2022-09-23,0.8523815604648193,0.8008008008008008
2022-09-24,0.8383348231388073,0.9011011011011012
2022-09-25,0.3170731707317073,0.2184184184184184
2022-09-26,0.7663133699399821,0.757957957957958
2022-09-27,0.9747158728131784,0.9971971971971972
2022-09-28,0.8961818413995658,0.9143143143143144
2022-09-29,0.6493423572979186,0.65005005005005
2022-09-30,0.7204699272123611,0.6888888888888889
2022-10-01,0.7001660068956711,0.6016016016016016
2022-10-02,0.989273400587409,0.9887887887887888
2022-10-03,0.7702719959136765,0.6938938938938939
2022-10-04,0.7682288341208019,0.6708708708708708
2022-10-05,0.5552292172136382,0.5013013013013013
2022-10-06,0.1333163069850594,0.2032032032032032
2022-10-07,0.07700166006895671,0.004004004004004
2022-10-08,0.0446941642191291,0.05985985985985986
2022-10-09,0.4590729153364832,0.2932932932932933
2022-10-10,0.5037670795556123,0.7267267267267268
2022-10-11,0.48559232026143895,0.4442330917874393
2022-10-12,0.5298406862745099,0.49318236714975866
2022-10-13,0.5796486928104586,0.6808574879227052
2022-10-14,0.2948120915032679,0.2465700483091787
2022-10-15,0.270036764705883,0.27550724637681107
2022-10-16,0.32666666666666616,0.3224094202898535
2022-10-17,0.2936887254901952,0.21757246376811565
2022-10-18,0.4627001633986928,0.4071316425120778
2022-10-19,0.727524509803923,0.7383393719806731
2022-10-20,0.6417361111111113,0.8296920289855062
2022-10-21,0.4570629084967319,0.452669082125604
2022-10-22,0.9297794117647048,0.910006038647342
2022-10-23,0.8965645424836597,0.9382669082125596
2022-10-24,0.814991830065358,0.7917270531400975
2022-10-25,0.9095057189542476,0.912995169082127
2022-10-26,0.7305106209150329,0.8603321256038658
2022-10-27,0.6241013071895436,0.7109420289855088
2022-10-28,0.7400939542483662,0.7586654589371956
2022-10-29,0.7597794117647062,0.7795229468599049
2022-10-30,0.7698815359477127,0.827650966183574
2022-10-31,0.2782598039215681,0.3484178743961353
2022-11-01,0.45534722222222007,0.3700966183574896
2022-11-02,0.7399591503267973,0.7412318840579707
2022-11-03,0.6692075163398701,0.7399154589371955
2022-11-04,0.6947508169934641,0.7149577294685999
2022-11-05,0.6856495098039217,0.5624818840579705
2022-11-06,0.8599754901960782,0.8070712560386478
2022-11-07,0.7293014705882349,0.7766847826086957
2022-11-08,0.5808047385620914,0.5812258454106278
2022-11-09,0.40542892156862775,0.3430253623188408
2022-11-10,0.5761029411764681,0.48210144927536136
2022-11-11,0.6857066993464036,0.6148611111111107
2022-11-12,0.6025245098039224,0.5718840579710149
2022-11-13,0.4440604575163392,0.3789915458937205
2022-11-14,0.517691993464053,0.42071256038647314
2022-11-15,0.6314787581699348,0.6290760869565214
2022-11-16,0.94859885620915,0.939909420289855
2022-11-17,0.969873366013072,0.9684420289855076
2022-11-18,0.9598978758169936,0.9555012077294684
2022-11-19,0.870539215686274,0.9009782608695658
2022-11-20,0.9584191176470588,0.9652898550724638
2022-11-21,0.9850694444444444,0.9848490338164252
2022-11-22,0.910563725490195,0.9302234299516896
2022-11-23,0.8734844771241838,0.826080917874396
2022-11-24,0.986123366013072,0.9850301932367148
2022-11-25,0.9855718954248364,0.995996376811594
2022-11-26,0.9755637254901962,0.9957427536231884
2022-11-27,0.973296568627451,0.9864492753623187
2022-11-28,0.9514583333333332,0.9726268115942032
2022-11-29,0.8910580065359471,0.8837016908212564
2022-11-30,0.907561274509804,0.8863647342995169
2022-12-01,0.8518464052287579,0.8515036231884058
2022-12-02,0.9479656862745098,0.9450664251207732
2022-12-03,0.8691421568627444,0.8236654589371984
2022-12-04,0.6284967320261425,0.4628743961352635
2022-12-05,0.6527859477124175,0.5126268115942032
2022-12-06,0.6856249999999993,0.5376630434782612
2022-12-07,0.9162704248366011,0.8972826086956521
2022-12-08,0.8928349673202607,0.9801388888888888
2022-12-09,0.9619771241830068,0.9615036231884057
2022-12-10,0.9720915032679742,0.9705253623188406
2022-12-11,0.96593545751634,0.9542874396135264
2022-12-12,0.9753553921568628,0.9861292270531402
2022-12-13,0.8687826797385619,0.9142089371980678
2022-12-14,0.6794158496732026,0.6384480676328503
2022-12-15,0.9501633986928104,0.9503623188405798
2022-12-16,0.950555555555556,0.9323007246376812
2022-12-17,0.9519975490196088,0.944317632850242
2022-12-18,0.9119240196078428,0.928641304347826
2022-12-19,0.5034517973856202,0.4984661835748799
2022-12-20,0.6679697712418273,0.5762560386473461
2022-12-21,0.815008169934641,0.8298731884057973
2022-12-22,0.862933006535949,0.8270954106280192
2022-12-23,0.8807965686274505,0.871171497584542
2022-12-24,0.934268790849673,0.9253562801932363
2022-12-25,0.9654697712418304,0.9812439613526572
2022-12-26,0.960241013071895,0.9574094202898548
2022-12-27,0.9147753267973856,0.9679468599033816
2022-12-28,0.5875816993464059,0.5962620772946863
2022-12-29,0.7104861111111107,0.7438103864734307
2022-12-30,0.6980351307189556,0.6997041062801932
2022-12-31,0.629330065359476,0.5682548309178735
2023-01-01,0.6013725490196075,0.6224758454106271
2023-01-02,0.44213235294117714,0.4309480676328514
2023-01-03,0.5919281045751619,0.532330917874397
2023-01-04,0.621670751633987,0.6225603864734298
2023-01-05,0.941977124183006,0.9359782608695656
2023-01-06,0.8735212418300653,0.8382487922705314
2023-01-07,0.7128513071895424,0.6068417874396134
2023-01-08,0.6275857843137261,0.4620833333333326
2023-01-09,0.6827491830065376,0.5465338164251192
2023-01-10,0.7513112745098021,0.6350905797101439
2023-01-11,0.7350163398692807,0.6459239130434784
2023-01-12,0.8690236928104573,0.8308514492753624
2023-01-13,0.897863562091504,0.8689673913043481
2023-01-14,0.9098651960784312,0.9124516908212552
2023-01-15,0.9373897058823532,0.937282608695652
2023-01-16,0.9004656862745085,0.863731884057972
2023-01-17,0.8893668300653591,0.921865942028986
2023-01-18,0.8959803921568626,0.9294565217391304
2023-01-19,0.6878799019607813,0.6013647342995159
2023-01-20,0.8796282679738562,0.8378200483091802
2023-01-21,0.8021282679738523,0.7582306763284997
2023-01-22,0.9022712418300668,0.8752958937198059
2023-01-23,0.7973039215686281,0.7179710144927532
2023-01-24,0.7097916666666667,0.5958756038647325
2023-01-25,0.7197303921568635,0.6154408212560385
2023-01-26,0.6766258169934651,0.5481521739130445
2023-01-27,0.7199550653594761,0.6012016908212566
2023-01-28,0.8771364379084959,0.8391545893719801
2023-01-29,0.9205718954248368,0.930585748792271
2023-01-30,0.749023692810457,0.6812801932367151
2023-01-31,0.8878635620915032,0.8882548309178743
2023-02-01,0.8616952614379081,0.8502475845410631
2023-02-02,0.7804656862745103,0.7535929951690818
2023-02-03,0.7942892156862749,0.7953623188405797
2023-02-04,0.8906862745098035,0.8764251207729471
2023-02-05,0.9154207516339868,0.9432185990338164
2023-02-06,0.7903063725490196,0.8056219806763285
2023-02-07,0.761683006535948,0.7324214975845418
2023-02-08,0.24790849673202436,0.26567028985507224
2023-02-09,0.41802696078431256,0.41805555555555624
2023-02-10,0.4169526143790851,0.3697826086956507
2023-02-11,0.7136070261437918,0.6471980676328508
2023-02-12,0.5807557189542486,0.6329830917874392
2023-02-13,0.7310334967320237,0.6919082125603856
2023-02-14,0.8073447712418306,0.8417632850241544
2023-02-15,0.5265073529411766,0.6052415458937199
2023-02-16,0.6549591503267982,0.6166364734299521
2023-02-17,0.8329003267973855,0.8045531400966183
2023-02-18,0.915375816993464,0.9178381642512076
2023-02-19,0.8337949346405226,0.8438949275362316
2023-02-20,0.7436805555555561,0.7238526570048308
2023-02-21,0.8402287581699339,0.8523309178743966
2023-02-22,0.6959599673202614,0.6454468599033817
2023-02-23,0.3142320261437908,0.18040458937198045
2023-02-24,0.8401102941176477,0.7849516908212557
2023-02-25,0.8824264705882354,0.8953985507246371
2023-02-26,0.945367647058824,0.9436473429951694
2023-02-27,0.9532352941176468,0.9554468599033812
2023-02-28,0.7512540849673194,0.789432367149758
2023-03-01,0.5638439542483651,0.574492753623188
2023-03-02,0.497994281045752,0.4458635265700482
2023-03-03,0.7615767973856199,0.7698852657004835
2023-03-04,0.6478349673202619,0.6388285024154585
2023-03-05,0.5326470588235296,0.504752415458937
2023-03-06,0.6283741830065359,0.5351570048309179
2023-03-07,0.8056699346405228,0.8017089371980675
2023-03-08,0.797226307189542,0.7858272946859908
2023-03-09,0.7699754901960778,0.712814009661835
2023-03-10,0.6641584967320259,0.6457125603864733
2023-03-11,0.9485825163398688,0.9488224637681162
2023-03-12,0.7345465686274515,0.7671316425120777
2023-03-13,0.4460784313725502,0.3083997584541069
2023-03-14,0.5269852941176462,0.42604468599033896
2023-03-15,0.8874305555555555,0.8587499999999999
2023-03-16,0.8827900326797388,0.9343297101449276
2023-03-17,0.7232883986928073,0.9339009661835748
2023-03-18,0.710093954248365,0.8218840579710162
2023-03-19,0.6779248366013088,0.732548309178744
2023-03-20,0.6952001633986928,0.6303140096618356
2023-03-21,0.7779289215686275,0.7370108695652173
2023-03-22,0.6455147058823526,0.6344625603864724
2023-03-23,0.6146936274509811,0.5184118357487917
2023-03-24,0.8052655228758157,0.7563526570048323
2023-03-25,0.8840686274509791,0.8658756038647343
2023-03-26,0.8337295751633989,0.884027777777778
2023-03-27,0.7676429738562088,0.7004830917874396
2023-03-28,0.9405065359477124,0.97137077294686
2023-03-29,0.8117156862745099,0.9084661835748796
2023-03-30,0.5844934640522884,0.6456461352656988
2023-03-31,0.6917933006535948,0.6240579710144922
2023-04-01,0.8880841503267971,0.8801690821256042
2023-04-02,0.9184109477124186,0.8998188405797103
2023-04-03,0.8946200980392152,0.871853864734299
2023-04-04,0.9133823529411764,0.9138526570048308
2023-04-05,0.9539011437908496,0.950138888888889
2023-04-06,0.964910130718954,0.9503925120772948
2023-04-07,0.8604125816993459,0.8732125603864731
2023-04-08,0.8192483660130716,0.8166425120772949
2023-04-09,0.7465032679738552,0.7069504830917874
2023-04-10,0.7534232026143792,0.7430797101449284
2023-04-11,0.8450776143790836,0.8786714975845396
2023-04-12,0.9630228758169932,0.97780193236715
2023-04-13,0.8726062091503268,0.913907004830918
2023-04-14,0.7661151960784327,0.7771920289855093
2023-04-15,0.8529616013071889,0.8263405797101446
2023-04-16,0.8423243464052284,0.8119927536231887
2023-04-17,0.8018423202614381,0.7217270531400968
2023-04-18,0.8744076797385616,0.8367632850241548
2023-04-19,0.8867933006535944,0.8854408212560388
2023-04-20,0.9116053921568626,0.9660386473429954
2023-04-21,0.8046936274509836,0.9481159420289856
2023-04-22,0.679595588235294,0.7075845410628023
2023-04-23,0.4686029411764704,0.4985628019323671
2023-04-24,0.4827532679738555,0.5359963768115936
2023-04-25,0.6363071895424838,0.5503804347826082
2023-04-26,0.7777573529411764,0.7030917874396134
2023-04-27,0.8517401960784312,0.9267572463768116
2023-04-28,0.7641503267973844,0.9207306763285028
2023-04-29,0.7409436274509825,0.8859239130434765
2023-04-30,0.8248243464052276,0.9637801932367152
2023-05-01,0.4757924836601278,0.6624758454106286
2023-05-02,0.2573570261437896,0.16739130434782623
2023-05-03,0.4802165032679757,0.29711352657004675
2023-05-04,0.7467401960784306,0.6968659420289867
2023-05-05,0.6565563725490196,0.6673490338164252
2023-05-06,0.4843790849673207,0.40521739130434786
2023-05-07,0.8010171568627468,0.7590881642512078
2023-05-08,0.8562295751633993,0.9075120772946856
2023-05-09,0.7088970588235283,0.8233333333333333
2023-05-10,0.5685580065359477,0.6402838164251202
2023-05-11,0.38461192810457495,0.39437198067632895
2023-05-12,0.3783578431372559,0.3146980676328516
2023-05-13,0.5595996732026145,0.5188224637681155
2023-05-14,0.4496078431372546,0.4652838164251208
2023-05-15,0.5644893790849684,0.4227234299516913
2023-05-16,0.7333251633986938,0.6651388888888884
2023-05-17,0.5281127450980377,0.32507246376811716
2023-05-18,0.4545220588235296,0.2655857487922705
2023-05-19,0.6086478758169933,0.5517814009661836
2023-05-20,0.472083333333334,0.4811413043478258
2023-05-21,0.5350408496732016,0.6519082125603869
2023-05-22,0.6687540849673189,0.7699939613526562
2023-05-23,0.6934681372549021,0.7439492753623188
2023-05-24,0.7138643790849677,0.7781582125603873
2023-05-25,0.6973039215686274,0.7896256038647346
2023-05-26,0.7226388888888885,0.7522041062801932
2023-05-27,0.6736478758169947,0.7663224637681163
2023-05-28,0.5052369281045744,0.5626509661835748
2023-05-29,0.5024223856209196,0.5922463768115913
2023-05-30,0.6547099673202632,0.7699818840579709
2023-05-31,0.4962990196078426,0.5874094202898568
2023-06-01,0.29070261437908423,0.350169082125604
2023-06-02,0.38657679738562034,0.27524758454106274
2023-06-03,0.3649142156862745,0.39664251207729495
2023-06-04,0.25497957516339864,0.17937198067632865
2023-06-05,0.30158496732026097,0.2532850241545892
2023-06-06,0.48647467320261506,0.3379951690821253
2023-06-07,0.6944199346405237,0.6036473429951694
2023-06-08,0.7051143790849688,0.6551751207729457
2023-06-09,0.6479166666666666,0.571932367149759
2023-06-10,0.912058823529411,0.914142512077294
2023-06-11,0.9000531045751637,0.9168538647342998
2023-06-12,0.8773815359477117,0.883611111111111
2023-06-13,0.881119281045752,0.8521316425120778
2023-06-14,0.8176919934640522,0.8348309178743963
2023-06-15,0.6312867647058827,0.570935990338164
2023-06-16,0.5700163398692801,0.4229830917874397
2023-06-17,0.5639950980392155,0.433900966183575
2023-06-18,0.5440482026143777,0.39402173913043465
2023-06-19,0.5492565359477138,0.4219021739130443
2023-06-20,0.5306781045751621,0.47170893719806833
2023-06-21,0.5870915032679741,0.5685024154589373
2023-06-22,0.4327818627450997,0.32205917874396256
2023-06-23,0.6078431372549048,0.6062500000000017
2023-06-24,0.6807557189542479,0.6000483091787459
2023-06-25,0.7600449346405246,0.7644384057971
2023-06-26,0.646058006535948,0.7564975845410619
2023-06-27,0.5793259803921572,0.5164492753623203
2023-06-28,0.7822508169934634,0.7542210144927528
2023-06-29,0.7920138888888894,0.8011533816425117
2023-06-30,0.5504330065359482,0.5729166666666663
2023-07-01,0.5052246732026142,0.39562198067632787
2023-07-02,0.6231535947712417,0.5484782608695655
2023-07-03,0.559775326797386,0.5431038647342987
2023-07-04,0.441997549019606,0.29881642512077244
2023-07-05,0.4770874183006564,0.33517512077294476
2023-07-06,0.6535702614379054,0.5489251207729459
2023-07-07,0.810596405228757,0.7411533816425113
2023-07-08,0.8526511437908499,0.9044263285024152
2023-07-09,0.7599142156862734,0.9178019323671492
2023-07-10,0.5087540849673201,0.5364734299516912
2023-07-11,0.6243586601307193,0.5968417874396132
2023-07-12,0.5563153594771241,0.5481099033816423
2023-07-13,0.5901715686274502,0.534166666666667
2023-07-14,0.6597671568627451,0.6863164251207725
2023-07-15,0.3340441176470589,0.3071980676328508
2023-07-16,0.24719362745098053,0.24041062801932364
2023-07-17,0.3799387254901946,0.275682367149759
2023-07-18,0.6041584967320265,0.58981884057971
2023-07-19,0.5130800653594774,0.4538103864734301
2023-07-20,0.6472467320261438,0.6459722222222222
2023-07-21,0.5112826797385623,0.4788405797101447
2023-07-22,0.6804779411764715,0.6423007246376797
2023-07-23,0.6198611111111111,0.6653623188405798
2023-07-24,0.46207516339869464,0.376008454106279
2023-07-25,0.4661519607843122,0.3182548309178723
2023-07-26,0.6125449346405221,0.4765036231884085
2023-07-27,0.7937132352941169,0.7768538647342981
2023-07-28,0.6717238562091501,0.7175120772946865
2023-07-29,0.469677287581699,0.43244565217391345
2023-07-30,0.5910253267973841,0.4678260869565206
2023-07-31,0.733917483660131,0.6903140096618354
2023-08-01,0.6496732026143792,0.6584420289855069
2023-08-02,0.6633700980392154,0.6251992753623187
2023-08-03,0.3963807189542486,0.3719565217391305
2023-08-04,0.2642647058823533,0.1599637681159415
2023-08-05,0.1806495098039201,0.10088164251207704
2023-08-06,0.2268709150326806,0.08617753623188429
2023-08-07,0.5070669934640554,0.3629347826086964
2023-08-08,0.5610130718954238,0.47523550724637714
2023-08-09,0.41388888888888864,0.3741847826086956
2023-08-10,0.7526021241830064,0.7302717391304347
2023-08-11,0.764938725490196,0.8772041062801932
2023-08-12,0.4591707516339866,0.5049456521739123
2023-08-13,0.2240604575163383,0.2287983091787444
2023-08-14,0.11377042483660084,0.07268719806763253
2023-08-15,0.1272589869281045,0.05041666666666652
2023-08-16,0.33544526143790715,0.16930555555555607
2023-08-17,0.29088643790849733,0.13925724637681122
2023-08-18,0.2599673202614376,0.1568236714975847
2023-08-19,0.27633169934640645,0.18783816425120667
2023-08-20,0.3259272875817007,0.2752475845410626
2023-08-21,0.32214460784313603,0.30420289855072374
2023-08-22,0.3402246732026147,0.2847524154589363
2023-08-23,0.42871323529411864,0.33841787439613535
2023-08-24,0.44483660130718966,0.3926871980676327
2023-08-25,0.5356209150326808,0.4713526570048312
2023-08-26,0.461311274509805,0.4118115942028978
2023-08-27,0.4395915032679757,0.36741545893719785
2023-08-28,0.3738970588235285,0.29085748792270427
2023-08-29,0.37212009803921814,0.27600845410628017
2023-08-30,0.3521527777777786,0.14255434782608728
2023-08-31,0.561196895424836,0.46702898550724586
2023-09-01,0.6979942810457515,0.7327838164251212
2023-09-02,0.5636437908496725,0.4854408212560389
2023-09-03,0.5773570261437894,0.4696195652173919
2023-09-04,0.6356740196078429,0.6540942028985508
2023-09-05,0.39093137254901866,0.46411835748792335
2023-09-06,0.40006944444444376,0.39411231884057857
2023-09-07,0.3171323529411766,0.24353864734299532
2023-09-08,0.2662459150326801,0.2581763285024154
2023-09-09,0.35852941176470565,0.3377838164251209
2023-09-10,0.1627369281045753,0.15992149758454124
2023-09-11,0.39327205882352984,0.3467451690821252
2023-09-12,0.3721282679738565,0.35327294685990335
2023-09-13,0.3716911764705877,0.3003804347826088
2023-09-14,0.5359272875816988,0.4344685990338166
2023-09-15,0.7272712418300654,0.7683091787439615
2023-09-16,0.4060539215686273,0.3468840579710147
2023-09-17,0.21786764705882303,0.1680314009661831
2023-09-18,0.20835375816993448,0.16526570048309244
2023-09-19,0.3889460784313743,0.23150362318840664
2023-09-20,0.6092197712418295,0.5276268115942034
2023-09-21,0.4549019607843139,0.4442270531400964
2023-09-22,0.4017606209150329,0.34245772946859887
2023-09-23,0.4022998366013055,0.31410628019323844
2023-09-24,0.23001225490195856,0.04346014492753621
2023-09-25,0.2713602941176491,0.17217995169082065
2023-09-26,0.16631944444444544,0.15574275362318904
2023-09-27,0.12938725490196065,0.10564613526570028
2023-09-28,0.2002941176470608,0.20768719806763056
2023-09-29,0.1601552287581696,0.14813405797101475
2023-09-30,0.3234477124183007,0.2374698067632847
2023-10-01,0.642540849673202,0.5948429951690815
2023-10-02,0.46486111111111106,0.4692632850241545
2023-10-03,0.20041258169934828,0.14503019323671537
2023-10-04,0.4915849673202653,0.3906642512077284
2023-10-05,0.6800531045751628,0.6240700483091791
2023-10-06,0.5817606209150327,0.5712318840579708
2023-10-07,0.7091993464052287,0.6528079710144953
2023-10-08,0.7007679738562094,0.7112862318840576
2023-10-09,0.6988480392156856,0.6934239130434787
2023-10-10,0.5531944444444444,0.570114734299517
2023-10-11,0.3639542483660124,0.22092391304347836
2023-10-12,0.5017606209150299,0.4152355072463788
2023-10-13,0.6505187908496732,0.6642149758454104
2023-10-14,0.42390522875816894,0.4254227053140105
2023-10-15,0.5914542483660161,0.45754830917874256
2023-10-16,0.7495506535947722,0.7367028985507235
2023-10-17,0.5309313725490196,0.5228442028985507
2023-10-18,0.5253880718954235,0.5119625603864723
2023-10-19,0.7126062091503282,0.6724275362318852
2023-10-20,0.8645424836601324,0.8370048309178736
2023-10-21,0.6809722222222172,0.6587620772946879
2023-10-22,0.6642238562091485,0.638454106280194
2023-10-23,0.6766993464052284,0.6413103864734299
2023-10-24,0.7406127450980399,0.6984118357487921
2023-10-25,0.9341339869281058,0.9319021739130442
2023-10-26,0.913586601307189,0.9278079710144932
2023-10-27,0.9013970588235286,0.8964794685990335
2023-10-28,0.6791544117647063,0.6462983091787433
2023-10-29,0.474473039215685,0.3923852657004831
2023-10-30,0.5017973856209165,0.44678140096618185
2023-10-31,0.4200000000000036,0.25051328502415415
2023-11-01,0.7767116013071909,0.7630374396135265
2023-11-02,0.5799387254901966,0.6708937198067627
2023-11-03,0.783415032679739,0.7852355072463759
2023-11-04,0.926000816993464,0.9450483091787444
2023-11-05,0.8184722222222219,0.8169927536231882
2023-11-06,0.5610947712418304,0.582554347826086
2023-11-07,0.28972222222222194,0.242602657004831
2023-11-08,0.8440972222222223,0.8164915458937202
2023-11-09,0.6049305555555557,0.645126811594203
2023-11-10,0.6307598039215696,0.5456219806763283
2023-11-11,0.9693709150326792,0.9698248792270532
2023-11-12,0.8848815359477129,0.864692028985508
2023-11-13,0.7155759803921566,0.7469323671497583
2023-11-14,0.7952042483660138,0.76423309178744
2023-11-15,0.9340441176470587,0.9305314009661836
2023-11-16,0.8379942810457522,0.8737077294685983
2023-11-17,0.8834681372549015,0.8492693236714972
2023-11-18,0.9408741830065352,0.9282729468599032
2023-11-19,0.9124754901960797,0.9418599033816436
2023-11-20,0.9046609477124185,0.9097644927536224
2023-11-21,0.7733619281045756,0.7010809178743973
2023-11-22,0.8816625816993474,0.8933695652173917
2023-11-23,0.9660212418300655,0.9712439613526572
2023-11-24,0.8828921568627452,0.9104166666666668
2023-11-25,0.897859477124182,0.931600241545894
2023-11-26,0.958468137254902,0.9723490338164246
2023-11-27,0.7731209150326795,0.8078985507246371
2023-11-28,0.7117565359477122,0.6336050724637681
2023-11-29,0.8867238562091507,0.9053562801932368
2023-11-30,0.6529330065359482,0.6236533816425122
2023-12-01,0.9635334967320264,0.9556099033816426
2023-12-02,0.9130841503267996,0.8885929951690842
2023-12-03,0.933092320261438,0.9347041062801938
2023-12-04,0.757238562091503,0.7831884057971015
2023-12-05,0.7912254901960771,0.7240640096618356
2023-12-06,0.8587091503267968,0.8203140096618344
2023-12-07,0.974669117647058,0.9676871980676331
2023-12-08,0.9756127450980392,0.9914613526570047
2023-12-09,0.9832598039215684,0.9792028985507244
2023-12-10,0.9927287581699348,0.9966062801932368
2023-12-11,0.9792401960784316,0.9857306763285024
2023-12-12,0.967830882352941,0.9829227053140098
2023-12-13,0.9652083333333332,0.9599698067632848
2023-12-14,0.9946405228758172,0.9971256038647344
2023-12-15,0.8939624183006543,0.9123369565217386
2023-12-16,0.8186070261437906,0.7927234299516907
2023-12-17,0.9157434640522868,0.9034359903381644
2023-12-18,0.9472589869281042,0.9828321256038648
2023-12-19,0.8942156862745101,0.926811594202898
2023-12-20,0.7486887254901949,0.7387198067632855
2023-12-21,0.8597549019607845,0.881346618357488
2023-12-22,0.9221486928104574,0.9383272946859904
2023-12-23,0.8513357843137257,0.8503623188405797
2023-12-24,0.7583619281045741,0.7170048309178748
2023-12-25,0.8479983660130723,0.8453442028985505
2023-12-26,0.731801470588235,0.698538647342995
2023-12-27,0.6742851307189539,0.716859903381642
2023-12-28,0.5303717320261444,0.5025120772946865
2023-12-29,0.7433986928104575,0.7714673913043473
2023-12-30,0.8311805555555556,0.8511413043478261
2023-12-31,0.5735375816993467,0.5376328502415462
2024-01-01,0.8062704248366009,0.7616243961352672
2024-01-02,0.9147630718954244,0.9253743961352656
2024-01-03,0.9305024509803924,0.9222524154589372
2024-01-04,0.8655392156862739,0.844704106280194
2024-01-05,0.7056372549019593,0.7130434782608712
2024-01-06,0.8671732026143787,0.8502234299516904
2024-01-07,0.9638970588235296,0.957487922705314
2024-01-08,0.8779697712418308,0.9261352657004832
2024-01-09,0.474048202614379,0.547874396135266
2024-01-10,0.7865114379084959,0.8960748792270529
2024-01-11,0.88107434640523,0.924897342995169
2024-01-12,0.5858415032679745,0.5305857487922693
2024-01-13,0.7573529411764709,0.6777838164251209
2024-01-14,0.8688112745098032,0.8703079710144922
2024-01-15,0.7747426470588228,0.7605797101449276
2024-01-16,0.6688766339869284,0.7104045893719805
2024-01-17,0.3875653594771245,0.2913405797101435
2024-01-18,0.9473202614379084,0.9364311594202898
2024-01-19,0.9525245098039212,0.9570289855072456
2024-01-20,0.8282557189542474,0.8830736714975849
2024-01-21,0.7173406862745099,0.7192874396135264
2024-01-22,0.7571446078431374,0.7632427536231884
2024-01-23,0.8376552287581693,0.799601449275362
2024-01-24,0.8835416666666656,0.8869082125603853
2024-01-25,0.9601797385620914,0.9668599033816424
2024-01-26,0.9393300653594772,0.94987922705314
2024-01-27,0.9104779411764704,0.927391304347826
2024-01-28,0.8994526143790849,0.9305132850241546
2024-01-29,0.6718014705882349,0.6633574879227051
2024-01-30,0.4073529411764707,0.45782004830917894
2024-01-31,0.6506821895424835,0.6241425120772948
2024-02-01,0.7509885620915053,0.7555072463768115
2024-02-02,0.6804575163398693,0.6598550724637681
2024-02-03,0.8714338235294125,0.8612379227053151
2024-02-04,0.906875,0.9204770531400968
2024-02-05,0.8815196078431377,0.8822946859903379
2024-02-06,0.8110049019607838,0.7900664251207729
2024-02-07,0.7392075163398705,0.6940398550724602
2024-02-08,0.8436519607843144,0.827173913043478
2024-02-09,0.8509354575163426,0.8366908212560373
2024-02-10,0.9332843137254894,0.9480434782608704
2024-02-11,0.949346405228758,0.9832246376811594
2024-02-12,0.91296568627451,0.9562801932367148
2024-02-13,0.9603349673202616,0.9739492753623188
2024-02-14,0.9366830065359476,0.9806823671497584
2024-02-15,0.8851593137254896,0.9771497584541065
2024-02-16,0.8676429738562094,0.9643236714975844
2024-02-17,0.7822385620915027,0.7601388888888894
2024-02-18,0.8676960784313724,0.9214190821256028
2024-02-19,0.6933946078431368,0.649921497584541
2024-02-20,0.8402328431372551,0.8115398550724635
2024-02-21,0.8884395424836603,0.9204166666666668
2024-02-22,0.7931862745098043,0.807735507246377
2024-02-23,0.8342156862745091,0.7996497584541059
2024-02-24,0.8039542483660145,0.7527053140096625
2024-02-25,0.8091870915032661,0.7451026570048308
2024-02-26,0.6877287581699343,0.6881884057971019
2024-02-27,0.3548856209150326,0.31818840579710117
2024-02-28,0.45553513071895546,0.37175724637681185
2024-02-29,0.5475898692810462,0.5006763285024162
2024-03-01,0.5734272875816995,0.5057306763285022
2024-03-02,0.6268341503267969,0.6095652173913061
2024-03-03,0.707226307189543,0.7582910628019323
2024-03-04,0.5989991830065361,0.6038828502415459
2024-03-05,0.7192728758169935,0.7752898550724637
2024-03-06,0.8258088235294118,0.8333816425120774
2024-03-07,0.6390727124182992,0.6832185990338162
2024-03-08,0.3085620915032702,0.3373490338164258
2024-03-09,0.2396854575163401,0.3062922705314011
2024-03-10,0.416535947712418,0.4462741545893714
2024-03-11,0.538615196078429,0.40445652173913266
2024-03-12,0.8447140522875811,0.7756884057971012
2024-03-13,0.952691993464052,0.943961352657005
2024-03-14,0.8653063725490185,0.923756038647343
2024-03-15,0.8116748366013051,0.9331219806763288
2024-03-16,0.8327287581699346,0.8867693236714976
2024-03-17,0.8280555555555553,0.8407427536231884
2024-03-18,0.8224918300653598,0.8190277777777775
2024-03-19,0.8515972222222227,0.8344021739130432
2024-03-20,0.8526674836601308,0.9090700483091788
2024-03-21,0.7678962418300651,0.8292632850241549
2024-03-22,0.6975204248366015,0.6635144927536236
2024-03-23,0.6859436274509825,0.6468176328502426
2024-03-24,0.6585702614379089,0.6506280193236703
2024-03-25,0.8210049019607837,0.924849033816425
2024-03-26,0.6461070261437903,0.7801388888888889
2024-03-27,0.42200163398692825,0.4673852657004831
2024-03-28,0.660543300653595,0.6988405797101451
2024-03-29,0.5917565359477127,0.6575181159420299
2024-03-30,0.5743014705882346,0.6200301932367148
2024-03-31,0.2964583333333328,0.24878019323671577
2024-04-01,0.5296813725490196,0.5369142512077295
2024-04-02,0.6053594771241831,0.5954528985507243
2024-04-03,0.6243178104575176,0.6315579710144943
2024-04-04,0.7339869281045752,0.7309842995169082
2024-04-05,0.5806209150326792,0.529631642512077
2024-04-06,0.6565563725490201,0.6652053140096605
2024-04-07,0.3747834967320267,0.33005434782608634
2024-04-08,0.40699754901961105,0.3131642512077309
2024-04-09,0.3379084967320268,0.27646135265700406
2024-04-10,0.1595138888888865,0.04486111111111117
2024-04-11,0.30777777777777926,0.2353864734299528
2024-04-12,0.3702124183006537,0.3482910628019319
2024-04-13,0.7031127450980388,0.6867451690821248
2024-04-14,0.7205433006535951,0.6725422705314023
2024-04-15,0.7423447712418301,0.7254710144927531
2024-04-16,0.7556617647058833,0.7286473429951685
2024-04-17,0.8764787581699348,0.9018719806763288
2024-04-18,0.8352859477124184,0.8190157004830925
2024-04-19,0.5784803921568629,0.5964371980676327
2024-04-20,0.6723733660130733,0.7362500000000003
2024-04-21,0.8059191176470576,0.8089190821256019
2024-04-22,0.7523406862745105,0.7151388888888895
2024-04-23,0.7020792483660131,0.6625543478260869
2024-04-24,0.8257312091503273,0.8413224637681161
2024-04-25,0.8342687908496725,0.8936956521739124
2024-04-26,0.7351756535947714,0.8485628019323671
2024-04-27,0.462062908496732,0.5027415458937198
2024-04-28,0.6429003267973862,0.8008272946859909
2024-04-29,0.4761274509803875,0.590573671497582
2024-04-30,0.13781862745098286,0.1449214975845386
2024-05-01,0.12653186274509556,0.10282608695652046
2024-05-02,0.3480065359477117,0.2610084541062812
2024-05-03,0.3370547385620919,0.2313526570048302
2024-05-04,0.1602042483660125,0.1267995169082133
2024-05-05,0.29152369281046064,0.23308574879227037
2024-05-06,0.5185089869281037,0.4280434782608701
2024-05-07,0.5559885620915046,0.48413647342995386
2024-05-08,0.5891094771241824,0.5501811594202899
2024-05-09,0.5041952614379104,0.5136292270531391
2024-05-10,0.3536233660130712,0.28875000000000206
2024-05-11,0.6240849673202616,0.5672101449275366
2024-05-12,0.5312214052287584,0.5282910628019326
2024-05-13,0.7156699346405226,0.7841002415458935
2024-05-14,0.6561151960784314,0.7880676328502415
2024-05-15,0.5491503267973852,0.6735507246376808
2024-05-16,0.4750122549019606,0.5632608695652176
2024-05-17,0.40914215686274535,0.4770893719806759
2024-05-18,0.5820506535947719,0.6448007246376816
2024-05-19,0.3898774509803921,0.39724637681159414
2024-05-20,0.4440686274509811,0.3517632850241546
2024-05-21,0.4454575163398688,0.4183212560386464
2024-05-22,0.5267769607843136,0.49813405797101423
2024-05-23,0.47202205882352977,0.4026751207729467
2024-05-24,0.329587418300654,0.16487922705314018
2024-05-25,0.2133496732026143,0.07194444444444376
2024-05-26,0.5458047385620929,0.662487922705315
2024-05-27,0.6382924836601301,0.6284299516908206
2024-05-28,0.6745669934640519,0.640948067632851
2024-05-29,0.7489256535947714,0.7576026570048303
2024-05-30,0.720232843137255,0.6896920289855075
2024-05-31,0.5471936274509808,0.5119746376811578
2024-06-01,0.3673447712418316,0.3108333333333324
2024-06-02,0.4109517973856205,0.4138466183574892
2024-06-03,0.44268382352941194,0.3867391304347832
2024-06-04,0.6839338235294108,0.6632125603864747
2024-06-05,0.6663153594771242,0.6698369565217394
2024-06-06,0.5351184640522874,0.6224033816425119
2024-06-07,0.4328349673202585,0.3448309178743973
2024-06-08,0.5368831699346408,0.5619142512077301
2024-06-09,0.5660661764705883,0.4974818840579717
2024-06-10,0.6187418300653623,0.5268780193236703
2024-06-11,0.6241789215686308,0.526950483091789
2024-06-12,0.6526797385620926,0.6883212560386472
2024-06-13,0.6407557189542491,0.5397222222222218
2024-06-14,0.826217320261438,0.791382850241546
2024-06-15,0.8074428104575169,0.9494806763285024
2024-06-16,0.7055596405228757,0.8466606280193241
2024-06-17,0.6011151960784316,0.6805676328502432
2024-06-18,0.39534722222222146,0.40225845410628114
2024-06-19,0.3972344771241813,0.35705917874396015
2024-06-20,0.3531944444444448,0.34065821256038675
2024-06-21,0.24665441176470543,0.2292512077294692
2024-06-22,0.31064133986928183,0.2355253623188412
2024-06-23,0.43765522875817114,0.3762016908212543
2024-06-24,0.5498120915032675,0.5244142512077296
2024-06-25,0.4814828431372547,0.4676328502415462
2024-06-26,0.31865196078431396,0.3165458937198071
2024-06-27,0.32321895424836583,0.30200483091787456
2024-06-28,0.28554738562091486,0.29349033816425124
2024-06-29,0.23358660130718925,0.1894927536231888
2024-06-30,0.2107230392156861,0.22672101449275367
2024-07-01,0.37820669934640416,0.25921497584541064
2024-07-02,0.5341993464052318,0.352125603864735
2024-07-03,0.6061233660130728,0.4335567632850235
2024-07-04,0.726049836601308,0.6807789855072467
2024-07-05,0.5303553921568624,0.5678321256038649
2024-07-06,0.23753676470588317,0.14560386473429962
2024-07-07,0.1970588235294114,0.1408393719806769
2024-07-08,0.28522058823529506,0.20339975845410577
2024-07-09,0.3779125816993461,0.4172222222222223
2024-07-10,0.4424305555555562,0.5637318840579708
2024-07-11,0.3251184640522875,0.33134661835748824
2024-07-12,0.33685049019607816,0.31907004830917957
2024-07-13,0.3033047385620902,0.2974818840579726
2024-07-14,0.3032883986928104,0.19712560386473452
2024-07-15,0.5120138888888877,0.4508635265700464
2024-07-16,0.33800245098039167,0.3632004830917873
2024-07-17,0.3269281045751643,0.2477173913043476
2024-07-18,0.4283210784313739,0.37662439613526494
2024-07-19,0.5313807189542481,0.5512862318840578
2024-07-20,0.46989379084967375,0.45757850241545905
2024-07-21,0.6798284313725479,0.635670289855073
2024-07-22,0.5502573529411772,0.6167572463768113
2024-07-23,0.54046568627451,0.5041002415458938
2024-07-24,0.45794117647058824,0.31160024154589416
2024-07-25,0.6647344771241827,0.5492330917874393
2024-07-26,0.7334681372549021,0.7270893719806765
2024-07-27,0.5566993464052292,0.5856944444444447
2024-07-28,0.3933415032679756,0.3254649758454091
2024-07-29,0.4172222222222224,0.39835144927536115
2024-07-30,0.5197549019607848,0.5668599033816428
2024-07-31,0.33176470588235346,0.3537560386473425
2024-08-01,0.45705065359477265,0.4207729468599043
2024-08-02,0.5411192810457518,0.47333333333333344
2024-08-03,0.7567973856209127,0.6812681159420277
2024-08-04,0.7126674836601311,0.7727355072463765
2024-08-05,0.643235294117647,0.57594806763285
2024-08-06,0.7270915032679739,0.6841847826086958
2024-08-07,0.5026470588235294,0.5217753623188414
2024-08-08,0.442120098039214,0.3782185990338161
2024-08-09,0.4933578431372543,0.39166666666666744
2024-08-10,0.4752655228758172,0.449106280193237
2024-08-11,0.35729166666666606,0.3147644927536227
2024-08-12,0.321474673202614,0.3255555555555559
2024-08-13,0.3300776143790849,0.382179951690821
2024-08-14,0.1735375816993456,0.16819444444444387
2024-08-15,0.27111519607843126,0.2589251207729476
2024-08-16,0.34969771241829917,0.30216787439613596
2024-08-17,0.17714052287581705,0.15115338164251144
2024-08-18,0.3267728758169936,0.292373188405797
2024-08-19,0.23418709150326852,0.17792270531400947
NA,NA,NA
2024-08-20,0.24874242424242424,0.122875
2024-08-21,0.6284962121212121,0.69975
2024-08-22,0.7335492424242425,0.7032678571428571
2024-08-23,0.40029166666666666,0.37463690476190475
2024-08-24,0.24650757575757576,0.13638095238095238
2024-08-25,0.15443939393939393,0.10335119047619047
2024-08-26,0.259905303030303,0.1954345238095238
2024-08-27,0.6763825757575758,0.7303392857142857
2024-08-28,0.6651856060606061,0.7806190476190477
2024-08-29,0.6707462121212121,0.6987440476190476
2024-08-30,0.5403712121212121,0.6213452380952381
2024-08-31,0.6730568181818182,0.8464166666666667
2024-09-01,0.687469696969697,0.6667619047619048
2024-09-02,0.6117954545454546,0.6989702380952381
2024-09-03,0.6209015151515151,0.7931845238095238
2024-09-04,0.7426212121212121,0.7837916666666667
2024-09-05,0.6453219696969696,0.6031785714285715
2024-09-06,0.2880530303030303,0.2622380952380952
2024-09-07,0.15461363636363637,0.16105952380952382
2024-09-08,0.3325909090909091,0.4869047619047619
2024-09-09,0.4873863636363636,0.6007797619047619
2024-09-10,0.7585833333333334,0.6879285714285714
2024-09-11,0.8653106060606061,0.8232083333333333
2024-09-12,0.8401780303030303,0.8422678571428571
2024-09-13,0.6670151515151516,0.5767857142857142
2024-09-14,0.5706060606060606,0.3715595238095238
2024-09-15,0.5819166666666666,0.4345357142857143
2024-09-16,0.6175416666666667,0.5358809523809523
2024-09-17,0.6156780303030303,0.6744583333333334
2024-09-18,0.6853522727272727,0.8107202380952381
2024-09-19,0.37299242424242424,0.32564880952380953
2024-09-20,0.1680151515151515,0.15775
2024-09-21,0.0812689393939394,0.05167857142857143
2024-09-22,0.2797272727272727,0.2325952380952381
2024-09-23,0.4481401515151515,0.5548690476190477
2024-09-24,0.2640757575757576,0.23220833333333332
2024-09-25,0.47701136363636365,0.2755416666666667
2024-09-26,0.750560606060606,0.6977857142857142
2024-09-27,0.566375,0.5033630952380952
2024-09-28,0.35827651515151515,0.18118452380952382
2024-09-29,0.6528333333333334,0.47138690476190476
2024-09-30,0.7702878787878787,0.6688333333333333
