date,cloud_cover_in_country,cloud_cover_in_east_of_country,fires_per_day,war_fires_per_day,fires_per_day_in_ukraine_held_area,war_fires_per_day_in_ukraine_held_area,fires_per_day_in_russia_held_area,war_fires_per_day_in_russia_held_area,fires_per_day_non_cloud_days_7dma,fires_per_day_7dma,war_fires_per_day_non_cloud_days_7dma,war_fires_per_day_7dma,fires_per_day_in_ukraine_held_area_non_cloud_days_7dma,fires_per_day_in_ukraine_held_area_7dma,war_fires_per_day_in_ukraine_held_area_non_cloud_days_7dma,war_fires_per_day_in_ukraine_held_area_7dma,fires_per_day_in_russia_held_area_non_cloud_days_7dma,fires_per_day_in_russia_held_area_7dma,war_fires_per_day_in_russia_held_area_non_cloud_days_7dma,war_fires_per_day_in_russia_held_area_7dma
2023-06-30,0.552,0.572,73,26,54,21,19,5,NA,76.75,NA,33.5,NA,42.5,NA,12.75,NA,34.25,NA,20.75
2023-06-29,0.783,0.798,42,16,24,4,18,12,NA,75,NA,31.2,NA,45,NA,14.2,NA,30,NA,17
2023-06-28,0.789,0.757,95,43,41,10,54,33,NA,83,NA,38.666666666666664,NA,46.333333333333336,NA,19,NA,36.666666666666664,NA,19.666666666666668
2023-06-27,0.587,0.517,97,49,51,16,46,33,NA,98.28571428571429,NA,52.714285714285715,NA,46.714285714285715,NA,19.571428571428573,NA,51.57142857142857,NA,33.142857142857146
2023-06-26,0.631,0.753,68,22,55,20,13,2,NA,108,NA,59.285714285714285,NA,50.714285714285715,NA,21.857142857142858,NA,57.285714285714285,NA,37.42857142857143
2023-06-25,0.767,0.765,123,76,53,43,70,33,359,153.28571428571428,226,89.28571428571429,166,71,96,35,193,82.28571428571429,130,54.285714285714285
2023-06-24,0.69,0.599,190,137,49,23,141,114,359,165,226,97.71428571428571,166,75.42857142857143,96,38.285714285714285,193,89.57142857142857,130,59.42857142857143
2023-06-23,0.599,0.602,141,72,82,37,59,35,307.5,187.71428571428572,185,111.28571428571429,128.5,81.14285714285714,61,39.714285714285715,179,106.57142857142857,124,71.57142857142857
2023-06-22,0.447,0.324,359,226,166,96,193,130,299.3333333333333,218.42857142857142,187.33333333333334,135.57142857142858,111,84.14285714285714,50,40.857142857142854,188.33333333333334,134.28571428571428,137.33333333333334,94.71428571428571
2023-06-21,0.588,0.57,177,102,72,33,105,69,279.5,232.28571428571428,172.25,142.85714285714286,103.75,88.28571428571429,47.5,40.42857142857143,175.75,144,124.75,102.42857142857143
2023-06-20,0.537,0.473,256,144,91,26,165,118,254.2,227,150.8,132.57142857142858,99,92.71428571428571,43.2,40.857142857142854,155.2,134.28571428571428,107.6,91.71428571428571
2023-06-19,0.568,0.426,283,192,76,28,207,164,226.66666666666666,219.57142857142858,133.16666666666666,128.71428571428572,92.83333333333333,89.85714285714286,41.5,40.285714285714285,133.83333333333334,129.71428571428572,91.66666666666667,88.42857142857143
2023-06-18,0.563,0.395,220,127,82,40,138,87,200.2,186.14285714285714,114.6,105,78.2,76,30.6,29.571428571428573,122,110.14285714285714,84,75.42857142857143
2023-06-17,0.586,0.435,153,65,80,26,73,39,200.2,170.85714285714286,114.6,96.57142857142857,78.2,70.14285714285714,30.6,27.714285714285715,122,100.71428571428571,84,68.85714285714286
2023-06-16,0.592,0.422,89,45,62,33,27,12,186.25,136.85714285714286,107.25,77,75,58.42857142857143,31.75,25,111.25,78.42857142857143,75.5,52
2023-06-15,0.636,0.568,125,60,69,21,56,39,154,99.71428571428571,79,50.42857142857143,74.66666666666667,47.714285714285715,33,21,79.33333333333333,52,46,29.428571428571427
2023-06-14,0.809,0.834,70,43,31,20,39,23,121,70.14285714285714,55,33.42857142857143,71,36.142857142857146,29.5,15.285714285714286,50,34,25.5,18.142857142857142
2023-06-13,0.886,0.853,18,7,9,7,9,0,89,58.714285714285715,45,31.857142857142858,62,29.285714285714285,33,14.285714285714286,27,29.428571428571427,12,17.571428571428573
2023-06-12,0.878,0.883,23,6,1,0,22,6,NA,107.14285714285714,NA,72.85714285714286,NA,35.57142857142857,NA,19.142857142857142,NA,71.57142857142857,NA,53.714285714285715
2023-06-11,0.901,0.917,13,8,1,0,12,8,NA,119.42857142857143,NA,85,NA,32.142857142857146,NA,18.571428571428573,NA,87.28571428571429,NA,66.42857142857143
2023-06-10,0.904,0.912,73,54,32,19,41,35,NA,144.85714285714286,NA,105.42857142857143,NA,37.285714285714285,NA,21.857142857142858,NA,107.57142857142857,NA,83.57142857142857
2023-06-09,0.665,0.573,428,332,106,67,322,265,359,193.57142857142858,275,143.71428571428572,175,61,138,40.57142857142857,184,132.57142857142858,137,103.14285714285714
2023-06-08,0.712,0.653,211,145,45,17,166,128,292.5,222.57142857142858,206,162.42857142857142,131.5,73.42857142857143,94.5,47.857142857142854,161,149.14285714285714,111.5,114.57142857142857
2023-06-07,0.714,0.609,248,186,67,43,181,143,268.3333333333333,252.14285714285714,184.66666666666666,181.57142857142858,130,91.42857142857143,89.33333333333333,59.142857142857146,138.33333333333334,160.71428571428572,95.33333333333333,122.42857142857143
2023-06-06,0.519,0.343,359,275,175,138,184,137,229.25,257.7142857142857,152.5,181.85714285714286,117.25,98.14285714285714,77.5,62.42857142857143,112,159.57142857142858,75,119.42857142857143
2023-06-05,0.326,0.257,226,137,88,51,138,86,228.6,228.85714285714286,144,150.14285714285714,124.2,104.71428571428571,72.8,60.57142857142857,104.4,124.14285714285714,71.2,89.57142857142857
2023-06-04,0.27,0.178,220,142,127,79,93,63,234.5,236.42857142857142,142.83333333333334,149,139,128.71428571428572,79.33333333333333,74.14285714285714,95.5,107.71428571428571,63.5,74.85714285714286
2023-06-03,0.378,0.397,112,56,79,42,33,14,234.5,212.85714285714286,142.83333333333334,126.85714285714286,139,130.85714285714286,79.33333333333333,72.42857142857143,95.5,82,63.5,54.42857142857143
2023-06-02,0.395,0.276,226,110,152,54,74,56,209.6,173.57142857142858,116.4,93.42857142857143,131.8,117.71428571428571,67.6,58.57142857142857,77.8,55.857142857142854,48.8,34.857142857142854
2023-06-01,0.29,0.346,264,137,213,112,51,25,205.5,155.28571428571428,111.25,81.57142857142857,142.75,117.14285714285714,71.75,58.57142857142857,62.75,38.142857142857146,39.5,23
2023-05-31,0.497,0.585,83,31,82,31,1,0,200.66666666666666,141.14285714285714,101,71.71428571428571,148,112.28571428571429,69.33333333333333,56.42857142857143,52.666666666666664,28.857142857142858,31.666666666666668,15.285714285714286
2023-05-30,0.632,0.76,84,41,83,41,1,0,245,134.42857142857142,123.5,67,182.5,110.14285714285714,83,53.714285714285715,62.5,24.285714285714285,40.5,13.285714285714286
2023-05-29,0.487,0.588,98,54,84,51,14,3,264,107.71428571428571,137,53.57142857142857,213,92.42857142857143,112,47.714285714285715,51,15.285714285714286,25,5.857142857142857
2023-05-28,0.503,0.562,121,73,93,64,28,9,NA,80.28571428571429,NA,39.285714285714285,NA,67.28571428571429,NA,34.714285714285715,NA,13,NA,4.571428571428571
2023-05-27,0.679,0.766,65,23,64,23,1,0,NA,83.57142857142857,NA,44,NA,66.14285714285714,NA,36.714285714285715,NA,17.428571428571427,NA,7.285714285714286
2023-05-26,0.715,0.752,39,16,28,12,11,4,NA,84.42857142857143,NA,46.142857142857146,NA,65.57142857142857,NA,38.285714285714285,NA,18.857142857142858,NA,7.857142857142857
2023-05-25,0.687,0.788,72,37,37,21,35,16,NA,78.85714285714286,NA,43.142857142857146,NA,61.714285714285715,NA,35.57142857142857,NA,17.142857142857142,NA,7.571428571428571
2023-05-24,0.712,0.777,106,64,74,45,32,19,NA,90.14285714285714,NA,48.714285714285715,NA,63.142857142857146,NA,32.42857142857143,NA,27,NA,16.285714285714285
2023-05-23,0.683,0.739,90,56,79,52,11,4,271,119.57142857142857,152,67.14285714285714,136,73.42857142857143,46,35.714285714285715,135,46.142857142857146,106,31.428571428571427
2023-05-22,0.64,0.765,59,33,57,32,2,1,271,147.14285714285714,152,83.85714285714286,136,89.71428571428571,46,45.285714285714285,135,57.42857142857143,106,38.57142857142857
2023-05-21,0.511,0.649,200,112,103,42,97,70,313.5,187.71428571428572,209,116.57142857142857,115.5,98,42,47.714285714285715,198,89.71428571428571,167,68.85714285714286
2023-05-20,0.468,0.481,271,152,136,46,135,106,324.3333333333333,222,221,142.42857142857142,115.66666666666667,104,46.333333333333336,49.142857142857146,208.66666666666666,118,174.66666666666666,93.28571428571429
2023-05-19,0.61,0.551,232,133,142,79,90,54,324.3333333333333,229.14285714285714,221,146.71428571428572,115.66666666666667,98.28571428571429,46.333333333333336,43.857142857142854,208.66666666666666,130.85714285714286,174.66666666666666,102.85714285714286
2023-05-18,0.48,0.268,356,266,95,38,261,228,307.5,257.42857142857144,204.25,164,129.5,114.57142857142857,61.5,54.57142857142857,178,142.85714285714286,142.75,109.42857142857143
2023-05-17,0.556,0.331,346,245,116,55,230,190,288.8,259.42857142857144,183.8,162.57142857142858,138.8,125,67.8,61.857142857142854,150,134.42857142857142,116,100.71428571428571
2023-05-16,0.739,0.665,140,86,39,15,101,71,293.25,261.7142857142857,191.75,160.71428571428572,139.5,132.42857142857142,73.25,64.71428571428571,153.75,129.28571428571428,118.5,96
2023-05-15,0.589,0.427,257,154,171,107,86,47,270.8,254.42857142857142,169,152.85714285714286,135.6,129.28571428571428,67.6,59.857142857142854,135.2,125.14285714285714,101.4,93
2023-05-14,0.455,0.463,214,102,176,93,38,9,229.8,225.14285714285714,125,121.42857142857143,143,134.57142857142858,67,59.42857142857143,86.8,90.57142857142857,58,62
2023-05-13,0.581,0.525,287,139,188,66,99,73,200.75,181.57142857142858,95,86.71428571428571,149.75,122.85714285714286,70,51.857142857142854,51,58.714285714285715,25,34.857142857142854
2023-05-12,0.413,0.318,181,78,120,45,61,33,200.75,164.85714285714286,95,75.28571428571429,149.75,120.42857142857143,70,50.57142857142857,51,44.42857142857143,25,24.714285714285715
2023-05-11,0.395,0.395,151,46,132,35,19,11,182,148.57142857142858,75.33333333333333,61.857142857142854,142.66666666666666,115.42857142857143,57.666666666666664,43.857142857142854,39.333333333333336,33.142857142857146,17.666666666666668,18
2023-05-10,0.566,0.639,41,2,34,2,7,0,166,163.71428571428572,62,68.85714285714286,126,124,40,44.142857142857146,40,39.714285714285715,22,24.714285714285715
2023-05-09,0.713,0.824,23,6,22,6,1,0,223.66666666666666,171.14285714285714,71,61.714285714285715,171.33333333333334,134.57142857142858,44,42.142857142857146,52.333333333333336,36.57142857142857,27,19.571428571428573
2023-05-08,0.858,0.909,143,60,136,60,7,0,245,168.57142857142858,67.5,59.142857142857146,197,132.28571428571428,43.5,37.714285714285715,48,36.285714285714285,24,21.428571428571427
2023-05-07,0.813,0.762,320,151,236,95,84,56,339,170.71428571428572,89,57.857142857142854,262,129.28571428571428,52,35.57142857142857,77,41.42857142857143,37,22.285714285714285
2023-05-06,0.496,0.405,339,89,262,52,77,37,340,213.57142857142858,102,74,269,163.85714285714286,65.5,46.57142857142857,71,49.714285714285715,36.5,27.428571428571427
2023-05-05,0.659,0.669,163,60,104,14,59,46,305.3333333333333,244,87.33333333333333,81.42857142857143,251,191.42857142857142,60,52.714285714285715,54.333333333333336,52.57142857142857,27.333333333333332,28.714285714285715
2023-05-04,0.758,0.699,166,37,111,20,55,17,305.3333333333333,237.57142857142858,87.33333333333333,75.28571428571429,251,185.85714285714286,60,46.57142857142857,54.333333333333336,51.714285714285715,27.333333333333332,28.714285714285715
2023-05-03,0.503,0.301,341,115,276,79,65,36,305.3333333333333,199.14285714285714,87.33333333333333,55.714285714285715,251,159.42857142857142,60,35,54.333333333333336,39.714285714285715,27.333333333333332,20.714285714285715
2023-05-02,0.258,0.165,236,58,215,49,21,9,288.5,165.28571428571428,86.5,45.714285714285715,245.5,136.42857142857142,64,30.142857142857142,43,28.857142857142858,22.5,15.571428571428571
2023-05-01,0.458,0.658,98,17,97,17,1,0,288.5,143.14285714285714,86.5,37.714285714285715,245.5,122.57142857142857,64,28.571428571428573,43,20.571428571428573,22.5,9.142857142857142
2023-04-30,0.758,0.991,51,14,51,14,0,0,288.5,123,86.5,33.714285714285715,245.5,108.28571428571429,64,26,43,14.714285714285714,22.5,7.714285714285714
2023-04-29,0.525,0.738,102,19,101,18,1,1,236,92.28571428571429,58,25,215,81.57142857142857,49,19.285714285714285,21,10.714285714285714,9,5.714285714285714
2023-04-28,0.879,0.884,8,4,7,3,1,1,111,74.42857142857143,31,21.142857142857142,88,63.42857142857143,20,15.142857142857142,23,11,11,6
2023-04-27,0.842,0.797,25,9,11,2,14,7,103.5,74.14285714285714,26.5,21.857142857142858,87.5,62,19.5,15.428571428571429,16,12.142857142857142,7,6.428571428571429
2023-04-26,0.694,0.535,126,54,89,32,37,22,95.33333333333333,78.14285714285714,29,24.714285714285715,81.33333333333333,64.57142857142857,22,17.285714285714285,14,13.571428571428571,7,7.428571428571429
2023-04-25,0.547,0.436,111,31,88,20,23,11,95.33333333333333,69,29,23,81.33333333333333,55.42857142857143,22,15.571428571428571,14,13.571428571428571,7,7.428571428571429
2023-04-24,0.422,0.484,96,22,87,19,9,3,95.33333333333333,70.28571428571429,29,22.428571428571427,81.33333333333333,56.857142857142854,22,15.142857142857142,14,13.428571428571429,7,7.285714285714286
2023-04-23,0.355,0.397,79,34,69,27,10,7,95.33333333333333,68,29,21.142857142857142,81.33333333333333,56.57142857142857,22,14.857142857142858,14,11.428571428571429,7,6.285714285714286
2023-04-22,0.626,0.671,38,7,37,6,1,1,95.33333333333333,57,29,15.571428571428571,81.33333333333333,49.714285714285715,22,11.714285714285714,14,7.285714285714286,7,3.857142857142857
2023-04-21,0.748,0.956,17,0,17,0,0,0,132,72.71428571428571,60.333333333333336,29,88.33333333333333,52.714285714285715,34.333333333333336,17,43.666666666666664,20,26,12
2023-04-20,0.959,1,9,0,9,0,0,0,153,81.71428571428571,74.33333333333333,35,89.66666666666667,53.285714285714285,39,19,63.333333333333336,28.428571428571427,35.333333333333336,16
2023-04-19,0.809,0.8,49,15,41,10,8,5,190,82.57142857142857,94.5,35.57142857142857,100,49.714285714285715,45,19.142857142857142,90,32.857142857142854,49.5,16.428571428571427
2023-04-18,0.606,0.462,221,125,109,57,112,68,190,79.85714285714286,94.5,35.285714285714285,100,45.142857142857146,45,18.714285714285715,90,34.714285714285715,49.5,16.571428571428573
2023-04-17,0.629,0.439,159,64,91,33,68,31,190,80,94.5,36.57142857142857,100,44.57142857142857,45,19.714285714285715,90,35.42857142857143,49.5,16.857142857142858
2023-04-16,0.733,0.655,85,38,44,28,41,10,190,79.85714285714286,94.5,36.714285714285715,100,44.285714285714285,45,19.714285714285715,90,35.57142857142857,49.5,17
2023-04-15,0.936,0.927,19,5,5,3,14,2,190,73,94.5,34.57142857142857,100,38.42857142857143,45,18.285714285714285,90,34.57142857142857,49.5,16.285714285714285
2023-04-14,0.861,0.912,18,9,13,7,5,2,159,66.71428571428571,64,26.142857142857142,91,37.857142857142854,33,14.571428571428571,68,28.857142857142858,31,11.571428571428571
2023-04-13,0.942,0.972,8,1,7,0,1,1,NA,82.42857142857143,NA,33.285714285714285,NA,37.57142857142857,NA,13.571428571428571,NA,44.857142857142854,NA,19.714285714285715
2023-04-12,0.99,1,1,0,0,0,1,0,NA,85.28571428571429,NA,33,NA,36.714285714285715,NA,12.428571428571429,NA,48.57142857142857,NA,20.571428571428573
2023-04-11,0.671,0.786,177,66,105,31,72,35,NA,88.71428571428571,NA,35.142857142857146,NA,40,NA,14.571428571428571,NA,48.714285714285715,NA,20.571428571428573
2023-04-10,0.782,0.686,269,114,89,26,180,88,NA,89.85714285714286,NA,35,NA,40,NA,14.714285714285714,NA,49.857142857142854,NA,20.285714285714285
2023-04-09,0.713,0.742,105,36,38,20,67,16,NA,90.85714285714286,NA,35,NA,39.714285714285715,NA,14.857142857142858,NA,51.142857142857146,NA,20.142857142857142
2023-04-08,0.809,0.765,43,20,28,18,15,2,NA,95.85714285714286,NA,36.285714285714285,NA,44.285714285714285,NA,16.142857142857142,NA,51.57142857142857,NA,20.142857142857142
2023-04-07,0.91,0.886,26,8,13,8,13,0,NA,72,NA,26.857142857142858,NA,29.571428571428573,NA,11.714285714285714,NA,42.42857142857143,NA,15.142857142857142
2023-04-06,0.973,0.957,15,1,5,1,10,0,NA,34.142857142857146,NA,10.571428571428571,NA,17.428571428571427,NA,8,NA,16.714285714285715,NA,2.5714285714285716
2023-04-05,0.927,0.934,36,9,32,9,4,0,NA,21.714285714285715,NA,5.571428571428571,NA,12.714285714285714,NA,5.285714285714286,NA,9,NA,0.2857142857142857
2023-04-04,0.972,0.957,10,0,2,0,8,0,NA,19,NA,3.142857142857143,NA,9.428571428571429,NA,3.142857142857143,NA,9.571428571428571,NA,0
2023-04-03,0.962,0.957,4,0,4,0,0,0,NA,27.571428571428573,NA,3.857142857142857,NA,17.428571428571427,NA,3.857142857142857,NA,10.142857142857142,NA,0
2023-04-02,0.922,0.899,18,1,5,1,13,0,NA,31.428571428571427,NA,4.285714285714286,NA,22.571428571428573,NA,4.285714285714286,NA,8.857142857142858,NA,0
2023-04-01,0.979,0.97,24,3,5,3,19,0,NA,27.571428571428573,NA,3,NA,19.142857142857142,NA,3,NA,8.428571428571429,NA,0
2023-03-31,0.76,0.643,86,13,69,13,17,0,NA,34,NA,6.142857142857143,NA,23.428571428571427,NA,5,NA,10.571428571428571,NA,1.1428571428571428
2023-03-30,0.576,0.736,42,4,41,4,1,0,49,40.42857142857143,2,6.428571428571429,45,29.285714285714285,2,5.285714285714286,4,11.142857142857142,0,1.1428571428571428
2023-03-29,0.932,0.997,9,0,8,0,1,0,49,57.42857142857143,2,18.714285714285715,45,36,2,9.428571428571429,4,21.428571428571427,0,9.285714285714286
2023-03-28,0.928,0.969,55,22,32,14,23,8,49,126.71428571428571,2,48.714285714285715,45,65.42857142857143,2,16.142857142857142,4,61.285714285714285,0,32.57142857142857
2023-03-27,0.542,0.389,49,2,45,2,4,0,49,187,2,73.57142857142857,45,94,2,24,4,93,0,49.57142857142857
2023-03-26,0.886,0.914,137,87,52,30,85,57,374,280.85714285714283,115,105.57142857142857,228.5,147,42,35.142857142857146,145.5,133.85714285714286,73,70.42857142857143
2023-03-25,0.753,0.682,509,213,211,50,298,163,374,329.42857142857144,115,120.42857142857143,228.5,177.57142857142858,42,42.42857142857143,145.5,151.85714285714286,73,78
2023-03-24,0.704,0.656,508,187,269,68,239,119,374,358.85714285714283,115,127.57142857142857,228.5,205.71428571428572,42,50.714285714285715,145.5,153.14285714285714,73,76.85714285714286
2023-03-23,0.453,0.375,699,228,412,82,287,146,699,385.57142857142856,228,132.14285714285714,412,219.42857142857142,82,51,287,166.14285714285714,146,81.14285714285714
2023-03-22,0.602,0.552,349,104,222,51,127,53,699,392,228,122.14285714285714,412,237.57142857142858,82,49.142857142857146,287,154.42857142857142,146,73
2023-03-21,0.626,0.519,261,72,229,72,32,0,699,333.57142857142856,228,95.85714285714286,412,221.28571428571428,82,46.142857142857146,287,112.28571428571429,146,49.714285714285715
2023-03-20,0.724,0.603,236,34,141,4,95,30,699,273.14285714285717,228,69.14285714285714,412,194.42857142857142,82,36.42857142857143,287,78.71428571428571,146,32.714285714285715
2023-03-19,0.717,0.821,182,17,179,17,3,0,NA,174.57142857142858,NA,36.57142857142857,NA,136.14285714285714,NA,24.714285714285715,NA,38.42857142857143,NA,11.857142857142858
2023-03-18,0.787,0.887,100,29,97,29,3,0,NA,138.71428571428572,NA,22.714285714285715,NA,117.28571428571429,NA,18.428571428571427,NA,21.428571428571427,NA,4.285714285714286
2023-03-17,0.731,0.974,85,0,81,0,4,0,438,164,140,32.42857142857143,220,116,37,13.428571428571429,218,48,103,19
2023-03-16,0.931,0.913,9,0,4,0,5,0,305.5,155,89,33,152,107.85714285714286,24.5,14.571428571428571,153.5,47.142857142857146,64.5,18.428571428571427
2023-03-15,0.779,0.766,98,7,90,7,8,0,305.5,136.85714285714286,89,31.285714285714285,152,88.71428571428571,24.5,12.428571428571429,153.5,48.142857142857146,64.5,18.857142857142858
2023-03-14,0.275,0.096,438,140,220,37,218,103,305.5,123.71428571428571,89,27.142857142857142,152,75.85714285714286,24.5,8.285714285714286,153.5,47.857142857142854,64.5,18.857142857142858
2023-03-13,0.354,0.157,173,38,84,12,89,26,305.5,141.57142857142858,89,32.142857142857146,152,84.28571428571429,24.5,9.714285714285714,153.5,57.285714285714285,64.5,22.428571428571427
2023-03-12,0.823,0.98,55,5,45,2,10,3,305.5,173.57142857142858,89,37,152,103.28571428571429,24.5,11.285714285714286,153.5,70.28571428571429,64.5,25.714285714285715
2023-03-11,0.971,0.978,8,0,7,0,1,0,305.5,172.71428571428572,89,38.285714285714285,152,94.28571428571429,24.5,10.571428571428571,153.5,78.42857142857143,64.5,27.714285714285715
2023-03-10,0.641,0.697,210,35,140,10,70,25,173,117.42857142857143,38,18.571428571428573,84,66.28571428571429,12,5.428571428571429,89,51.142857142857146,26,13.142857142857142
2023-03-09,0.642,0.576,233,34,137,11,96,23,NA,104,NA,15.714285714285714,NA,56.57142857142857,NA,4.285714285714286,NA,47.42857142857143,NA,11.428571428571429
2023-03-08,0.859,0.809,92,16,27,2,65,14,NA,122.85714285714286,NA,19.428571428571427,NA,69.14285714285714,NA,7,NA,53.714285714285715,NA,12.428571428571429
2023-03-07,0.876,0.869,51,2,24,1,27,1,NA,143,NA,21,NA,80.71428571428571,NA,8,NA,62.285714285714285,NA,13
2023-03-06,0.79,0.673,79,18,16,4,63,14,NA,118.57142857142857,NA,16,NA,64.57142857142857,NA,6.571428571428571,NA,54,NA,9.428571428571429
2023-03-05,0.485,0.525,187,31,133,21,54,10,78,96.42857142857143,3,11.571428571428571,58,53.285714285714285,1,5.142857142857143,20,43.142857142857146,2,6.428571428571429
2023-03-04,0.603,0.548,149,11,88,7,61,4,78,88.85714285714286,3,9.428571428571429,58,53.142857142857146,1,4.857142857142857,20,35.714285714285715,2,4.571428571428571
2023-03-03,0.702,0.641,39,0,27,0,12,0,78,84.14285714285714,3,9.142857142857142,58,51.857142857142854,1,4.714285714285714,20,32.285714285714285,2,4.428571428571429
2023-03-02,0.439,0.412,78,3,58,1,20,2,78,85,3,7.666666666666667,58,57.833333333333336,1,4.833333333333333,20,27.166666666666668,2,2.8333333333333335
2023-03-01,0.518,0.528,39,1,26,0,13,1,78,64.6,3,3,58,42.8,1,1.6,20,21.8,2,1.4
2023-02-28,0.871,0.961,18,0,15,0,3,0,78,35.6,3,0.8,58,25.8,1,0.2,20,9.8,2,0.6
2023-02-27,0.991,0.986,NA,NA,NA,NA,NA,NA,78,29.4,3,0.8,58,21.6,1,0.2,20,7.8,2,0.6
2023-02-26,0.998,0.997,NA,NA,NA,NA,NA,NA,18,17.4,0,0.2,10,12,0,0,8,5.4,0,0.2
2023-02-25,0.827,0.84,4,0,3,0,1,0,18,13.4,0,0,10,10.2,0,0,8,3.2,0,0
2023-02-24,0.859,0.783,8,0,6,0,2,0,18,14.4,0,0,10,11.8,0,0,8,2.6,0,0
2023-02-23,0.288,0.175,18,0,10,0,8,0,18,18.166666666666668,0,0,10,16,0,0,8,2.1666666666666665,0,0
2023-02-22,0.746,0.642,19,0,17,0,2,0,18,16,0,0,10,13.714285714285714,0,0,8,2.2857142857142856,0,0
2023-02-21,0.875,0.88,23,0,23,0,0,0,18,16.428571428571427,0,0,10,14.285714285714286,0,0,8,2.142857142857143,0,0
2023-02-20,0.566,0.528,37,0,37,0,0,0,18,19.142857142857142,0,0,10,15.285714285714286,0,0,8,3.857142857142857,0,0
2023-02-19,0.749,0.624,3,0,0,0,3,0,NA,19.285714285714285,NA,0,NA,16.428571428571427,NA,0,NA,2.857142857142857,NA,0
2023-02-18,0.879,0.954,7,0,7,0,0,0,NA,18.285714285714285,NA,0,NA,15.714285714285714,NA,0,NA,2.5714285714285716,NA,0
2023-02-17,0.837,0.794,27,0,13,0,14,0,NA,15.571428571428571,NA,0,NA,12.857142857142858,NA,0,NA,2.7142857142857144,NA,0
2023-02-16,0.59,0.608,19,0,18,0,1,0,NA,13,NA,0,NA,9.142857142857142,NA,0,NA,3.857142857142857,NA,0
2023-02-15,0.686,0.822,12,0,12,0,0,0,NA,16.714285714285715,NA,0,NA,13,NA,0,NA,3.7142857142857144,NA,0
2023-02-14,0.947,0.944,4,0,3,0,1,0,NA,19.285714285714285,NA,0,NA,12.714285714285714,NA,0,NA,6.571428571428571,NA,0
2023-02-13,0.642,0.572,19,0,11,0,8,0,14,17.428571428571427,0,0,13,12.714285714285714,0,0,1,4.714285714285714,0,0
2023-02-12,0.685,0.871,29,0,27,0,2,0,14,16.714285714285715,0,0,13,11.571428571428571,0,0,1,5.142857142857143,0,0
2023-02-11,0.731,0.613,25,0,5,0,20,0,22,19.285714285714285,0,0,16.5,12.714285714285714,0,0,5.5,6.571428571428571,0,0
2023-02-10,0.444,0.387,14,0,13,0,1,0,22,21.833333333333332,0,0,16.5,14.333333333333334,0,0,5.5,7.5,0,0
2023-02-09,0.544,0.516,14,0,10,0,4,0,22,22.4,0,0,16.5,15,0,0,5.5,7.4,0,0
2023-02-08,0.44,0.434,30,0,20,0,10,0,22,20.75,0,0,16.5,12,0,0,5.5,8.75,0,0
2023-02-07,0.842,0.779,NA,NA,NA,NA,NA,NA,22,19.333333333333332,0,0,16.5,14.333333333333334,0,0,5.5,5,0,0
2023-02-06,0.848,0.828,NA,NA,NA,NA,NA,NA,30,17,0,0,20,10,0,0,10,7,0,0
2023-02-05,0.95,0.963,NA,NA,NA,NA,NA,NA,30,14.333333333333334,0,0,20,7.666666666666667,0,0,10,6.666666666666667,0,0
2023-02-04,0.906,0.876,NA,NA,NA,NA,NA,NA,NA,6.5,NA,0,NA,1.5,NA,0,NA,5,NA,0
2023-02-03,0.867,0.821,7,0,0,0,7,0,NA,6.5,NA,0,NA,1.5,NA,0,NA,5,NA,0
2023-02-02,0.913,0.923,6,0,3,0,3,0,NA,4.666666666666667,NA,0,NA,1.3333333333333333,NA,0,NA,3.3333333333333335,NA,0
2023-02-01,0.907,0.87,NA,NA,NA,NA,NA,NA,NA,4.666666666666667,NA,0,NA,1.3333333333333333,NA,0,NA,3.3333333333333335,NA,0
2023-01-31,0.981,0.973,NA,NA,NA,NA,NA,NA,NA,4.5,NA,0,NA,2,NA,0,NA,2.5,NA,0
2023-01-30,0.925,0.923,1,0,1,0,0,0,NA,8,NA,0,NA,6.25,NA,0,NA,1.75,NA,0
2023-01-29,0.984,0.975,NA,NA,NA,NA,NA,NA,NA,11.25,NA,0,NA,9.5,NA,0,NA,1.75,NA,0
2023-01-28,0.833,0.788,4,0,4,0,0,0,NA,11.8,NA,0,NA,8,NA,0,NA,3.8,NA,0
2023-01-27,0.793,0.677,21,0,17,0,4,0,NA,12.166666666666666,NA,0,NA,8.166666666666666,NA,0,NA,4,NA,0
2023-01-26,0.768,0.637,19,0,16,0,3,0,NA,13.5,NA,0,NA,9.166666666666666,NA,0,NA,4.333333333333333,NA,0
2023-01-25,0.796,0.691,14,0,2,0,12,0,NA,12.428571428571429,NA,0,NA,7.857142857142857,NA,0,NA,4.571428571428571,NA,0
2023-01-24,0.827,0.774,14,0,9,0,5,0,NA,13.285714285714286,NA,0,NA,8.285714285714286,NA,0,NA,5,NA,0
2023-01-23,0.869,0.839,9,0,7,0,2,0,NA,12,NA,0,NA,6.285714285714286,NA,0,NA,5.714285714285714,NA,0
2023-01-22,0.972,0.959,6,0,0,0,6,0,NA,12.428571428571429,NA,0.5714285714285714,NA,6.142857142857143,NA,0,NA,6.285714285714286,NA,0.5714285714285714
2023-01-21,0.83,0.799,10,0,7,0,3,0,NA,12.285714285714286,NA,1.5714285714285714,NA,6.714285714285714,NA,0,NA,5.571428571428571,NA,1.5714285714285714
2023-01-20,0.752,0.628,12,0,3,0,9,0,NA,12.571428571428571,NA,3.4285714285714284,NA,7,NA,1.1428571428571428,NA,5.571428571428571,NA,2.2857142857142856
2023-01-19,0.796,0.772,22,4,15,0,7,4,NA,11.857142857142858,NA,3.4285714285714284,NA,6.428571428571429,NA,1.1428571428571428,NA,5.428571428571429,NA,2.2857142857142856
2023-01-18,0.958,0.96,13,7,6,0,7,7,NA,12.833333333333334,NA,4,NA,7.5,NA,1.3333333333333333,NA,5.333333333333333,NA,2.6666666666666665
2023-01-17,0.972,0.972,16,13,11,8,5,5,NA,13.4,NA,4.8,NA,7.6,NA,1.6,NA,5.8,NA,3.2
2023-01-16,0.987,0.98,4,0,3,0,1,0,NA,13.75,NA,6,NA,8.75,NA,2,NA,5,NA,4
2023-01-15,0.944,0.947,NA,NA,NA,NA,NA,NA,NA,11,NA,6.666666666666667,NA,6.666666666666667,NA,2.6666666666666665,NA,4.333333333333333,NA,4
2023-01-14,0.991,0.998,NA,NA,NA,NA,NA,NA,NA,8.666666666666666,NA,4.333333333333333,NA,6.333333333333333,NA,2.6666666666666665,NA,2.3333333333333335,NA,1.6666666666666667
2023-01-13,0.911,0.969,NA,NA,NA,NA,NA,NA,NA,5,NA,0.6666666666666666,NA,3.6666666666666665,NA,0,NA,1.3333333333333333,NA,0.6666666666666666
2023-01-12,0.973,0.987,NA,NA,NA,NA,NA,NA,NA,4,NA,0.6666666666666666,NA,2.6666666666666665,NA,0,NA,1.3333333333333333,NA,0.6666666666666666
2023-01-11,0.73,0.629,6,0,5,0,1,0,NA,4.25,NA,1,NA,2.75,NA,0,NA,1.5,NA,1
2023-01-10,0.843,0.755,5,2,3,0,2,2,NA,4.4,NA,1,NA,2.8,NA,0,NA,1.6,NA,1
2023-01-09,0.852,0.771,1,0,0,0,1,0,NA,4.833333333333333,NA,1,NA,3.1666666666666665,NA,0,NA,1.6666666666666667,NA,1
2023-01-08,0.753,0.614,5,2,3,0,2,2,NA,4.571428571428571,NA,0.8571428571428571,NA,3,NA,0,NA,1.5714285714285714,NA,0.8571428571428571
2023-01-07,0.808,0.718,5,1,3,0,2,1,NA,4,NA,0.8571428571428571,NA,2.4285714285714284,NA,0,NA,1.5714285714285714,NA,0.8571428571428571
2023-01-06,0.973,0.973,7,1,5,0,2,1,NA,4.714285714285714,NA,0.7142857142857143,NA,2.5714285714285716,NA,0,NA,2.142857142857143,NA,0.7142857142857143
2023-01-05,0.988,0.988,3,0,2,0,1,0,NA,7.285714285714286,NA,1.7142857142857142,NA,4,NA,0,NA,3.2857142857142856,NA,1.7142857142857142
2023-01-04,0.573,0.633,2,0,1,0,1,0,NA,9.285714285714286,NA,1.7142857142857142,NA,5,NA,0,NA,4.285714285714286,NA,1.7142857142857142
2023-01-03,0.603,0.63,10,1,4,0,6,1,NA,9.857142857142858,NA,1.5714285714285714,NA,5.714285714285714,NA,0,NA,4.142857142857143,NA,1.5714285714285714
2023-01-02,0.762,0.803,19,7,10,0,9,7,NA,9.142857142857142,NA,1.4285714285714286,NA,5,NA,0,NA,4.142857142857143,NA,1.4285714285714286
2023-01-01,0.991,0.991,19,2,10,0,9,2,NA,9.857142857142858,NA,1.4285714285714286,NA,5.714285714285714,NA,0,NA,4.142857142857143,NA,1.4285714285714286
2022-12-31,0.745,0.705,9,0,8,0,1,0,NA,10.285714285714286,NA,1.4285714285714286,NA,6.285714285714286,NA,0,NA,4,NA,1.4285714285714286
2022-12-30,0.773,0.814,2,0,0,0,2,0,NA,10.333333333333334,NA,1.5,NA,6.666666666666667,NA,0,NA,3.6666666666666665,NA,1.5
2022-12-29,0.648,0.515,8,0,7,0,1,0,NA,8.6,NA,0.4,NA,6,NA,0,NA,2.6,NA,0.4
2022-12-28,0.579,0.732,5,0,5,0,0,0,NA,5,NA,0,NA,4.2,NA,0,NA,0.8,NA,0
2022-12-27,0.961,0.979,NA,NA,NA,NA,NA,NA,NA,4,NA,0,NA,3.25,NA,0,NA,0.75,NA,0
2022-12-26,0.979,0.972,NA,NA,NA,NA,NA,NA,NA,4.666666666666667,NA,0,NA,4.333333333333333,NA,0,NA,0.3333333333333333,NA,0
2022-12-25,0.986,0.989,1,0,1,0,0,0,NA,3,NA,0,NA,2,NA,0,NA,1,NA,0
2022-12-24,0.965,0.987,NA,NA,NA,NA,NA,NA,NA,2.3333333333333335,NA,0,NA,1.3333333333333333,NA,0,NA,1,NA,0
2022-12-23,0.819,0.918,NA,NA,NA,NA,NA,NA,NA,6,NA,0,NA,4.25,NA,0,NA,1.75,NA,0
2022-12-22,0.883,0.825,3,0,0,0,3,0,NA,5,NA,0,NA,3.6,NA,0,NA,1.4,NA,0
2022-12-21,0.846,0.836,3,0,3,0,0,0,NA,6,NA,0,NA,4.25,NA,0,NA,1.75,NA,0
2022-12-20,0.698,0.562,17,0,13,0,4,0,NA,5.4,NA,0,NA,3.4,NA,0,NA,2,NA,0
2022-12-19,0.796,0.716,1,0,1,0,0,0,NA,4.666666666666667,NA,0,NA,2.8333333333333335,NA,0,NA,1.8333333333333333,NA,0
2022-12-18,0.954,0.981,NA,NA,NA,NA,NA,NA,NA,4.666666666666667,NA,0,NA,2.8333333333333335,NA,0,NA,1.8333333333333333,NA,0
2022-12-17,0.955,0.953,3,0,0,0,3,0,NA,4.666666666666667,NA,0,NA,2.8333333333333335,NA,0,NA,1.8333333333333333,NA,0
2022-12-16,0.995,0.992,1,0,0,0,1,0,NA,2.2,NA,0,NA,0.8,NA,0,NA,1.4,NA,0
2022-12-15,0.936,0.906,3,0,0,0,3,0,NA,2.5,NA,0,NA,0.75,NA,0,NA,1.75,NA,0
2022-12-14,0.723,0.688,3,0,3,0,0,0,NA,3,NA,0,NA,0.6,NA,0,NA,2.4,NA,0
2022-12-13,0.942,0.975,NA,NA,NA,NA,NA,NA,NA,3,NA,0,NA,0.75,NA,0,NA,2.25,NA,0
2022-12-12,0.979,0.998,NA,NA,NA,NA,NA,NA,NA,3.6666666666666665,NA,0,NA,1,NA,0,NA,2.6666666666666665,NA,0
2022-12-11,0.991,0.986,5,0,0,0,5,0,NA,4,NA,0,NA,1.5,NA,0,NA,2.5,NA,0
2022-12-10,0.994,0.992,NA,NA,NA,NA,NA,NA,NA,5,NA,0,NA,1,NA,0,NA,4,NA,0
2022-12-09,0.938,0.993,NA,NA,NA,NA,NA,NA,47,19,0,0,19,7,0,0,28,12,0,0
2022-12-08,0.884,0.942,NA,NA,NA,NA,NA,NA,47,19.25,0,0,19,8.5,0,0,28,10.75,0,0
2022-12-07,0.911,0.866,5,0,2,0,3,0,33.5,23,0,0,12.5,10,0,0,21,13,0,0
2022-12-06,0.571,0.38,47,0,19,0,28,0,33.5,21.8,0,0,12.5,10.2,0,0,21,11.6,0,0
2022-12-05,0.681,0.528,20,0,13,0,7,0,33.5,22.333333333333332,0,1.6666666666666667,12.5,11.166666666666666,0,1.6666666666666667,21,11.166666666666666,0,0
2022-12-04,0.625,0.442,20,0,6,0,14,0,33.5,21.285714285714285,0,1.4285714285714286,12.5,10.285714285714286,0,1.4285714285714286,21,11,0,0
2022-12-03,0.925,0.882,17,0,11,0,6,0,33.5,21,0,1.4285714285714286,12.5,10.428571428571429,0,1.4285714285714286,21,10.571428571428571,0,0
2022-12-02,0.949,0.95,25,10,16,10,9,0,20,15.428571428571429,0,1.4285714285714286,6,7.857142857142857,0,1.4285714285714286,14,7.571428571428571,0,0
2022-12-01,0.866,0.856,15,0,5,0,10,0,20,14.666666666666666,0,1.6666666666666667,6,7,0,1.6666666666666667,14,7.666666666666667,0,0
2022-11-30,0.926,0.89,3,0,3,0,0,0,NA,13.6,NA,2,NA,7.2,NA,2,NA,6.4,NA,0
2022-11-29,0.837,0.81,8,0,1,0,7,0,NA,12.75,NA,2.5,NA,6.25,NA,2.5,NA,6.5,NA,0
2022-11-28,0.982,0.999,NA,NA,NA,NA,NA,NA,NA,8.666666666666666,NA,0,NA,3,NA,0,NA,5.666666666666667,NA,0
2022-11-27,0.99,0.999,NA,NA,NA,NA,NA,NA,NA,4.333333333333333,NA,0,NA,1.3333333333333333,NA,0,NA,3,NA,0
2022-11-26,0.994,1,NA,NA,NA,NA,NA,NA,NA,3.6666666666666665,NA,0,NA,0.6666666666666666,NA,0,NA,3,NA,0
2022-11-25,0.986,1,NA,NA,NA,NA,NA,NA,NA,1.5,NA,0,NA,0.5,NA,0,NA,1,NA,0
2022-11-24,0.97,0.99,2,0,0,0,2,0,NA,1.5,NA,0,NA,0.5,NA,0,NA,1,NA,0
2022-11-23,0.947,0.924,1,0,1,0,0,0,NA,1.5,NA,0,NA,0.5,NA,0,NA,1,NA,0
2022-11-22,0.904,0.986,NA,NA,NA,NA,NA,NA,NA,1.5,NA,0,NA,0.5,NA,0,NA,1,NA,0
2022-11-21,0.962,0.94,NA,NA,NA,NA,NA,NA,NA,1.5,NA,0,NA,0.5,NA,0,NA,1,NA,0
2022-11-20,0.985,0.979,NA,NA,NA,NA,NA,NA,NA,1,NA,0,NA,1,NA,0,NA,0,NA,0
2022-11-19,0.909,0.907,NA,NA,NA,NA,NA,NA,NA,NA,NA,NA,NA,NA,NA,NA,NA,NA,NA,NA
2022-11-18,0.967,0.949,NA,NA,NA,NA,NA,NA,18,18,0,0,4,4,0,0,14,14,0,0
2022-11-17,0.997,0.995,NA,NA,NA,NA,NA,NA,29,29,0,0,15,15,0,0,14,14,0,0
2022-11-16,0.994,0.99,NA,NA,NA,NA,NA,NA,29,40,0,2.6666666666666665,15,27,0,2.6666666666666665,14,13,0,0
2022-11-15,0.603,0.471,18,0,4,0,14,0,29,32.25,0,2,15,22,0,2,14,10.25,0,0
2022-11-14,0.457,0.218,40,0,26,0,14,0,29,26.2,0,1.6,15,18,0,1.6,14,8.2,0,0
2022-11-13,0.737,0.694,62,8,51,8,11,0,29,24.666666666666668,0,1.3333333333333333,15,17.833333333333332,0,1.3333333333333333,14,6.833333333333333,0,0
2022-11-12,0.629,0.697,9,0,7,0,2,0,29,24.428571428571427,0,1.1428571428571428,15,17.857142857142858,0,1.1428571428571428,14,6.571428571428571,0,0
2022-11-11,0.916,0.925,2,0,2,0,0,0,40,27.285714285714285,0,1.1428571428571428,26,21.428571428571427,0,1.1428571428571428,14,5.857142857142857,0,0
2022-11-10,0.821,0.763,17,0,17,0,0,0,NA,25.142857142857142,NA,2,NA,18.714285714285715,NA,1.1428571428571428,NA,6.428571428571429,NA,0.8571428571428571
2022-11-09,0.474,0.649,23,0,18,0,5,0,NA,16.571428571428573,NA,0.8571428571428571,NA,11.571428571428571,NA,0,NA,5,NA,0.8571428571428571
2022-11-08,0.714,0.77,38,0,29,0,9,0,NA,17.285714285714285,NA,0.8571428571428571,NA,11.571428571428571,NA,0,NA,5.714285714285714,NA,0.8571428571428571
2022-11-07,0.837,0.81,25,6,7,0,18,6,NA,20.714285714285715,NA,0.8571428571428571,NA,14.714285714285714,NA,0,NA,6,NA,0.8571428571428571
2022-11-06,0.94,0.917,2,0,1,0,1,0,NA,20.857142857142858,NA,0.8571428571428571,NA,14.714285714285714,NA,0,NA,6.142857142857143,NA,0.8571428571428571
2022-11-05,0.825,0.736,14,0,7,0,7,0,NA,24.571428571428573,NA,1.2857142857142858,NA,17.571428571428573,NA,0,NA,7,NA,1.2857142857142858
2022-11-04,0.764,0.783,26,0,24,0,2,0,50,26.285714285714285,2,1.5714285714285714,40,19.142857142857142,0,0,10,7.142857142857143,2,1.5714285714285714
2022-11-03,0.684,0.756,18,0,17,0,1,0,58,32.142857142857146,2,1,48.5,26.285714285714285,1,0.2857142857142857,9.5,5.857142857142857,1,0.7142857142857143
2022-11-02,0.616,0.512,49,3,38,0,11,3,58,32.57142857142857,2,1,48.5,26.714285714285715,1,0.2857142857142857,9.5,5.857142857142857,1,0.7142857142857143
2022-11-01,0.151,0.091,50,2,40,0,10,2,58,34.142857142857146,2,1,48.5,29.142857142857142,1,0.2857142857142857,9.5,5,1,0.7142857142857143
2022-10-31,0.436,0.429,66,2,57,2,9,0,58,31.857142857142858,2,1,48.5,27,1,0.2857142857142857,9.5,4.857142857142857,1,0.7142857142857143
2022-10-30,0.946,0.976,5,0,4,0,1,0,58,31.428571428571427,2,1,48.5,26.714285714285715,1,0.2857142857142857,9.5,4.714285714285714,1,0.7142857142857143
2022-10-29,0.669,0.619,25,0,24,0,1,0,58,27.285714285714285,2,0.5714285714285714,48.5,24.142857142857142,1,0.2857142857142857,9.5,3.142857142857143,1,0.2857142857142857
2022-10-28,0.865,0.902,10,0,9,0,1,0,66,23.142857142857142,2,0.2857142857142857,57,21.428571428571427,2,0.2857142857142857,9,1.7142857142857142,0,0
2022-10-27,0.737,0.87,15,0,15,0,0,0,NA,18.285714285714285,NA,0,NA,17.428571428571427,NA,0,NA,0.8571428571428571,NA,0
2022-10-26,0.954,0.97,20,0,20,0,0,0,12,19.285714285714285,0,0,12,18.571428571428573,0,0,0,0.7142857142857143,0,0
2022-10-25,0.947,0.935,21,0,21,0,0,0,14,18,0,0,12,16.857142857142858,0,0,2,1.1428571428571428,0,0
2022-10-24,0.772,0.739,32,0,29,0,3,0,28,24.571428571428573,0,0,26.333333333333332,23.428571428571427,0,0,1.6666666666666667,1.1428571428571428,0,0
2022-10-23,NA,NA,12,0,12,0,0,0,29.75,27.428571428571427,0,0,28.25,26.142857142857142,0,0,1.5,1.2857142857142858,0,0
2022-10-22,NA,NA,16,0,12,0,4,0,35.6,33,0,0,28,27.142857142857142,0,0,7.6,5.857142857142857,0,0
2022-10-21,NA,NA,56,0,55,0,1,0,51.833333333333336,49,0,0,39.333333333333336,37.857142857142854,0,0,12.5,11.142857142857142,0,0
2022-10-20,NA,NA,35,0,34,0,1,0,61.714285714285715,61.714285714285715,1.1428571428571428,1.1428571428571428,46,46,0,0,15.714285714285714,15.714285714285714,1.1428571428571428,1.1428571428571428
2022-10-19,NA,NA,59,0,27,0,32,0,71,71,1.4285714285714286,1.4285714285714286,51.714285714285715,51.714285714285715,0,0,19.285714285714285,19.285714285714285,1.4285714285714286,1.4285714285714286
2022-10-18,NA,NA,133,0,96,0,37,0,85.28571428571429,85.28571428571429,2.2857142857142856,2.2857142857142856,60.857142857142854,60.857142857142854,0,0,24.428571428571427,24.428571428571427,2.2857142857142856,2.2857142857142856
2022-10-17,NA,NA,121,8,86,0,35,8,89.57142857142857,89.57142857142857,3.2857142857142856,3.2857142857142856,63,63,0,0,26.571428571428573,26.571428571428573,3.2857142857142856,3.2857142857142856
2022-10-16,NA,NA,77,2,52,0,25,2,96.42857142857143,96.42857142857143,4.142857142857143,4.142857142857143,65.42857142857143,65.42857142857143,0,0,31,31,4.142857142857143,4.142857142857143
2022-10-15,NA,NA,116,6,76,0,40,6,105.28571428571429,105.28571428571429,4.857142857142857,4.857142857142857,75.28571428571429,75.28571428571429,0,0,30,30,4.857142857142857,4.857142857142857
2022-10-14,NA,NA,86,7,70,0,16,7,94.71428571428571,94.71428571428571,4.857142857142857,4.857142857142857,69.71428571428571,69.71428571428571,0,0,25,25,4.857142857142857,4.857142857142857
2022-10-13,NA,NA,83,6,51,0,32,6,90.33333333333333,85,4.333333333333333,3.7142857142857144,67,64.42857142857143,0,0,23.333333333333332,20.571428571428573,4.333333333333333,3.7142857142857144
2022-10-12,NA,NA,121,5,96,0,25,5,84.33333333333333,79.85714285714286,4.166666666666667,3.5714285714285716,64.16666666666667,62,0.16666666666666666,0.14285714285714285,20.166666666666668,17.857142857142858,4,3.4285714285714284
2022-10-11,NA,NA,59,0,57,0,2,0,85.66666666666667,81,7.666666666666667,6.571428571428571,65.66666666666667,63.285714285714285,3.8333333333333335,3.2857142857142856,20,17.714285714285715,3.8333333333333335,3.2857142857142856
2022-10-10,0.504,0.727,53,0,49,0,4,0,91.66666666666667,86.14285714285714,8.666666666666666,7.428571428571429,69,66.14285714285714,4,3.4285714285714284,22.666666666666668,20,4.666666666666667,4
2022-10-09,0.459,0.293,41,1,35,1,6,0,87.16666666666667,82.28571428571429,8.833333333333334,7.571428571428571,67.5,64.85714285714286,5.166666666666667,4.428571428571429,19.666666666666668,17.428571428571427,3.6666666666666665,3.142857142857143
2022-10-08,0.045,0.06,124,27,85,22,39,5,80.4,70.57142857142857,9.6,8.285714285714286,61.8,53.57142857142857,6.2,5.142857142857143,18.6,17,3.4,3.142857142857143
2022-10-07,0.077,0.004,122,13,90,1,32,12,85.75,67.42857142857143,12,9.428571428571429,63,48.142857142857146,7.75,5.428571428571429,22.75,19.285714285714285,4.25,4
2022-10-06,0.133,0.203,56,7,42,7,14,0,85.75,65.85714285714286,12,10,63,44.57142857142857,7.75,5.714285714285714,22.75,21.285714285714285,4.25,4.285714285714286
2022-10-05,0.555,0.501,39,10,17,5,22,5,100.66666666666667,62.857142857142854,15.666666666666666,10.571428571428571,72.33333333333333,41.42857142857143,10,6.285714285714286,28.333333333333332,21.428571428571427,5.666666666666667,4.285714285714286
2022-10-04,0.768,0.671,37,8,19,2,18,6,89,57.857142857142854,10,7.714285714285714,66,39.142857142857146,4,3.2857142857142856,23,18.714285714285715,6,4.428571428571429
2022-10-03,0.77,0.694,42,4,24,2,18,2,56,57.857142857142854,7,6.714285714285714,42,41.57142857142857,7,3.2857142857142856,14,16.285714285714285,0,3.4285714285714284
2022-10-02,0.989,0.989,20,5,13,5,7,0,NA,62.42857142857143,NA,7.857142857142857,NA,45.57142857142857,NA,3.142857142857143,NA,16.857142857142858,NA,4.714285714285714
2022-10-01,0.7,0.602,89,7,69,1,20,6,NA,63.42857142857143,NA,7.857142857142857,NA,46.857142857142854,NA,2.4285714285714284,NA,16.571428571428573,NA,5.428571428571429
2022-09-30,0.72,0.689,122,6,107,1,15,5,NA,58.42857142857143,NA,6.714285714285714,NA,44.42857142857143,NA,2.142857142857143,NA,14,NA,4.571428571428571
2022-09-29,0.649,0.65,88,15,70,6,18,9,NA,55.285714285714285,NA,6.142857142857143,NA,42.57142857142857,NA,1.8571428571428572,NA,12.714285714285714,NA,4.285714285714286
2022-09-28,0.896,0.914,46,10,26,0,20,10,25,56,0,5.428571428571429,13,42.57142857142857,0,1.1428571428571428,12,13.428571428571429,0,4.285714285714286
2022-09-27,0.975,0.997,2,0,2,0,0,0,25,46.285714285714285,0,4.571428571428571,13,34.42857142857143,0,1,12,11.857142857142858,0,3.5714285714285716
2022-09-26,0.766,0.758,20,0,11,0,9,0,25,30.571428571428573,0,3.7142857142857144,13,20,0,0.8571428571428571,12,10.571428571428571,0,2.857142857142857
2022-09-25,0.317,0.218,25,0,13,0,12,0,25,20.285714285714285,0,1.5714285714285714,13,11.285714285714286,0,0,12,9,0,1.5714285714285714
2022-09-24,0.838,0.901,21,1,12,0,9,1,25,25.857142857142858,0,0.2857142857142857,13,12.857142857142858,0,0,12,13,0,0.2857142857142857
2022-09-23,0.852,0.801,12,0,6,0,6,0,25,28.714285714285715,0,0.42857142857142855,13,12.857142857142858,0,0,12,15.857142857142858,0,0.42857142857142855
2022-09-22,0.861,0.802,16,0,9,0,7,0,66,41.142857142857146,0.5,0.5714285714285714,19.5,15,0,0,46.5,26.142857142857142,0.5,0.5714285714285714
2022-09-21,0.731,0.611,85,1,37,0,48,1,107,43.857142857142854,1,0.5714285714285714,26,15.428571428571429,0,0,81,28.428571428571427,1,0.5714285714285714
2022-09-20,0.858,0.801,22,1,2,0,20,1,107,45.57142857142857,1,2,26,14.142857142857142,0,0,81,31.428571428571427,1,2
2022-09-19,0.619,0.464,107,1,26,0,81,1,107,47.142857142857146,1,2.4285714285714284,26,15,0,0,81,32.142857142857146,1,2.4285714285714284
2022-09-18,0.805,0.709,44,0,16,0,28,0,107,47.57142857142857,1,2.4285714285714284,26,15.857142857142858,0,0,81,31.714285714285715,1,2.4285714285714284
2022-09-17,0.698,0.6,33,11,3,0,30,11,107,38.285714285714285,1,3.4285714285714284,26,11.428571428571429,0,0,81,26.857142857142858,1,3.4285714285714284
2022-09-16,0.839,0.821,23,3,12,0,11,3,107,36.285714285714285,1,3.857142857142857,26,11.571428571428571,0,0,81,24.714285714285715,1,3.857142857142857
2022-09-15,0.935,0.907,19,0,15,0,4,0,NA,21.428571428571427,NA,3.7142857142857144,NA,8,NA,0,NA,13.428571428571429,NA,3.7142857142857144
2022-09-14,0.825,0.818,20,8,6,0,14,8,NA,18.142857142857142,NA,3.7142857142857144,NA,7.428571428571429,NA,0,NA,10.714285714285714,NA,3.7142857142857144
2022-09-13,0.963,0.96,8,4,3,0,5,4,NA,39.714285714285715,NA,10.857142857142858,NA,11.428571428571429,NA,0.14285714285714285,NA,28.285714285714285,NA,10.714285714285714
2022-09-12,0.897,0.874,3,0,1,0,2,0,NA,60.142857142857146,NA,18,NA,21.857142857142858,NA,1.7142857142857142,NA,38.285714285714285,NA,16.285714285714285
2022-09-11,0.901,0.963,21,0,12,0,9,0,256,94,28,22,175,44.714285714285715,3,2.142857142857143,81,49.285714285714285,25,19.857142857142858
2022-09-10,0.829,0.733,184,61,31,1,153,60,256,134,28,25.571428571428573,175,69,3,3.2857142857142856,81,65,25,22.285714285714285
2022-09-09,0.705,0.541,166,53,85,11,81,42,256,152,28,29.285714285714285,175,77.14285714285714,3,3.5714285714285716,81,74.85714285714286,25,25.714285714285715
2022-09-08,0.33,0.445,256,28,175,3,81,25,214,176.14285714285714,25,32.42857142857143,142.5,92.71428571428571,1.5,3.5714285714285716,71.5,83.42857142857143,23.5,28.857142857142858
2022-09-07,0.487,0.612,300,33,176,8,124,25,214,186,25,33.42857142857143,142.5,101.85714285714286,1.5,3.5714285714285716,71.5,84.14285714285714,23.5,29.857142857142858
2022-09-06,0.647,0.798,134,30,60,2,74,28,214,187,25,30.285714285714285,142.5,110.14285714285714,1.5,3.7142857142857144,71.5,76.85714285714286,23.5,26.571428571428573
2022-09-05,0.445,0.465,172,22,110,0,62,22,304.3333333333333,232.57142857142858,54,38.714285714285715,153,122.85714285714286,2.6666666666666665,2.857142857142857,151.33333333333334,109.71428571428571,51.333333333333336,35.857142857142854
2022-09-04,0.682,0.704,90,7,76,0,14,7,328.5,217.57142857142858,67,37.57142857142857,142,112.28571428571429,2.5,3,186.5,105.28571428571429,64.5,34.57142857142857
2022-09-03,0.714,0.611,191,39,89,2,102,37,325.3333333333333,220.28571428571428,69,43.285714285714285,122.33333333333333,99,1.6666666666666667,1.8571428571428572,203,121.28571428571429,67.33333333333333,41.42857142857143
2022-09-02,0.345,0.119,485,112,174,5,311,107,369.75,273,68,48.285714285714285,159.75,129.28571428571428,6,4.285714285714286,210,143.71428571428572,62,44
2022-09-01,0.646,0.66,151,20,101,4,50,16,436,310.85714285714283,87,59.142857142857146,181,141.42857142857142,8.25,5.571428571428571,255,169.42857142857142,78.75,53.57142857142857
2022-08-31,0.496,0.337,319,73,83,0,236,73,427.2,354,90,72.71428571428571,183.6,158.28571428571428,16,12.285714285714286,243.6,195.71428571428572,74,60.42857142857143
2022-08-30,0.264,0.115,503,65,272,19,231,46,427.2,373.2857142857143,90,73.42857142857143,183.6,168.42857142857142,16,13.571428571428571,243.6,204.85714285714286,74,59.857142857142854
2022-08-29,0.215,0.104,437,98,195,9,242,89,412.75,349.42857142857144,84.5,60.57142857142857,186,177.14285714285714,18.75,13.285714285714286,226.75,172.28571428571428,65.75,47.285714285714285
2022-08-28,0.191,0.261,392,102,194,47,198,55,584,509.14285714285717,149.4,116.14285714285714,261.8,243.42857142857142,25.6,20.285714285714285,322.2,265.7142857142857,123.8,95.85714285714286
2022-08-27,0.386,0.507,326,44,160,11,166,33,709.6,598.8571428571429,182,139.42857142857142,315.4,281.7142857142857,31.6,24.571428571428573,394.2,317.14285714285717,150.4,114.85714285714286
2022-08-26,0.415,0.592,318,22,235,3,83,19,781.6,650.2857142857143,234.4,176.85714285714286,321.8,286.2857142857143,39.2,30,459.8,364,195.2,146.85714285714286
2022-08-25,0.079,0.115,1269,409,565,53,704,356,782.2,650.7142857142857,222,168,320.8,285.57142857142856,38.2,29.285714285714285,461.4,365.14285714285717,183.8,138.71428571428572
2022-08-24,0.064,0.022,947,236,351,30,596,206,733,615.5714285714286,204,155.14285714285714,295.4,267.42857142857144,29.2,22.857142857142858,437.6,348.14285714285717,174.8,132.28571428571428
2022-08-23,0.105,0.051,863,327,304,57,559,270,630.6666666666666,586,170.5,149.28571428571428,257.6666666666667,254.42857142857142,24.5,21.428571428571427,373,331.57142857142856,146,127.85714285714286
2022-08-22,0.19,0.068,440,36,190,4,250,32,560.2857142857143,560.2857142857143,147.57142857142858,147.57142857142858,231.57142857142858,231.57142857142858,21.857142857142858,21.857142857142858,328.7142857142857,328.7142857142857,125.71428571428571,125.71428571428571
2022-08-21,0.477,0.34,146,12,67,2,79,10,415.85714285714283,415.85714285714283,95,95,168.14285714285714,168.14285714285714,17.428571428571427,17.428571428571427,247.71428571428572,247.71428571428572,77.57142857142857,77.57142857142857
2022-08-20,0.494,0.481,119,3,69,1,50,2,316.2857142857143,316.2857142857143,65.28571428571429,65.28571428571429,133.85714285714286,133.85714285714286,15.857142857142858,15.857142857142858,182.42857142857142,182.42857142857142,49.42857142857143,49.42857142857143
2022-08-19,0.296,0.451,138,10,75,6,63,4,225.16666666666666,199.28571428571428,21.666666666666668,18.571428571428573,105.5,93.42857142857143,9,7.714285714285714,119.66666666666667,105.85714285714286,12.666666666666666,10.857142857142858
2022-08-18,0.222,0.192,258,41,121,22,137,19,182.2,201.28571428571428,18.8,30.428571428571427,88.6,93,10,16.142857142857142,93.6,108.28571428571429,8.8,14.285714285714286
2022-08-17,0.592,0.437,250,28,111,19,139,9,191.25,241.42857142857142,20.5,50.142857142857146,94,113.57142857142857,12,26,97.25,127.85714285714286,8.5,24.142857142857142
2022-08-16,0.798,0.78,44,0,21,0,23,0,240,269.2857142857143,34.75,58.285714285714285,101.75,118,14,27.142857142857142,138.25,151.28571428571428,20.75,31.142857142857142
2022-08-15,0.777,0.7,454,119,187,63,267,56,274,261,43,57.857142857142854,110.66666666666667,113.71428571428571,16.666666666666668,26.571428571428573,163.33333333333334,147.28571428571428,26.333333333333332,31.285714285714285
2022-08-14,0.591,0.688,427,150,211,71,216,79,282,268.7142857142857,44,59.714285714285715,105.5,124.85714285714286,14,28.714285714285715,176.5,143.85714285714286,30,31
2022-08-13,0.658,0.498,314,60,100,9,214,51,314,323.85714285714283,60,78.28571428571429,100,134.28571428571428,9,30.428571428571427,214,189.57142857142858,51,47.857142857142854
2022-08-12,0.755,0.686,80,7,45,2,35,5,573.5,436.57142857142856,131.5,107.28571428571429,174,166.71428571428572,24.5,36.142857142857146,399.5,269.85714285714283,107,71.14285714285714
2022-08-11,0.731,0.698,312,54,199,37,113,17,695.6666666666666,506,147.33333333333334,115.85714285714286,209,179.85714285714286,26.666666666666668,31.571428571428573,486.6666666666667,326.14285714285717,120.66666666666667,84.28571428571429
2022-08-10,0.638,0.594,636,158,177,31,459,127,676.25,533.2857142857143,151.5,117.85714285714286,214.5,182.71428571428572,24,23.714285714285715,461.75,350.57142857142856,127.5,94.14285714285714
2022-08-09,0.459,0.241,833,203,248,40,585,163,688.25,540.1428571428571,148.5,116.14285714285714,229.25,191.14285714285714,21.75,22.428571428571427,459,349,126.75,93.71428571428571
2022-08-08,0.461,0.331,940,179,279,31,661,148,688.25,547.7142857142857,148.5,119.28571428571429,229.25,195,21.75,22.428571428571427,459,352.7142857142857,126.75,96.85714285714286
2022-08-07,0.283,0.056,618,164,231,16,387,148,688.25,527.7142857142857,148.5,116.85714285714286,229.25,173.71428571428572,21.75,17.428571428571427,459,354,126.75,99.42857142857143
2022-08-06,0.232,0.056,362,48,159,0,203,48,688.25,452.57142857142856,148.5,96.85714285714286,229.25,152.14285714285714,21.75,13.714285714285714,459,300.42857142857144,126.75,83.14285714285714
2022-08-05,0.69,0.752,133,29,72,2,61,27,640,356.14285714285717,130.33333333333334,77.57142857142857,223,121.85714285714286,15.666666666666666,8.857142857142858,417,234.28571428571428,114.66666666666667,68.71428571428571
2022-08-04,0.748,0.736,172,37,50,2,122,35,490,276.2857142857143,106,67.42857142857143,195,101,8,6,295,175.28571428571428,98,61.42857142857143
2022-08-03,0.719,0.823,110,18,26,5,84,13,824,371.7142857142857,205.5,95.85714285714286,380,153.85714285714286,44.5,16.428571428571427,444,217.85714285714286,161,79.42857142857143
2022-08-02,0.735,0.681,158,68,36,6,122,62,1247.5,492.7142857142857,343,135.14285714285714,532.5,197.42857142857142,71,24,715,295.2857142857143,272,111.14285714285714
2022-08-01,0.787,0.734,381,108,133,11,248,97,1089,584,286,155.57142857142858,455.3333333333333,230.14285714285714,62.666666666666664,30.285714285714285,633.6666666666666,353.85714285714283,223.33333333333334,125.28571428571429
2022-07-31,0.329,0.013,1286,363,601,89,685,274,960.25,641.4285714285714,246,168.28571428571428,397.25,254.85714285714286,55,34.57142857142857,563,386.57142857142856,191,133.71428571428572
2022-07-30,0.3,0.233,1209,323,464,53,745,270,873,700.5714285714286,236.4,194,385.4,299.42857142857144,66.2,49.714285714285715,487.6,401.14285714285717,170.2,144.28571428571428
2022-07-29,0.288,0.165,772,172,301,46,471,126,873,746,236.4,196,385.4,339.7142857142857,66.2,52.285714285714285,487.6,406.2857142857143,170.2,143.71428571428572
2022-07-28,0.381,0.326,574,126,223,32,351,94,873,708.8571428571429,236.4,182.71428571428572,385.4,332.57142857142856,66.2,51.714285714285715,487.6,376.2857142857143,170.2,131
2022-07-27,0.595,0.45,524,198,338,111,186,87,758.2,626.8571428571429,208.8,163,328.4,291.85714285714283,61.4,48.285714285714285,429.8,335,147.4,114.71428571428571
2022-07-26,0.437,0.628,476,82,318,24,158,58,645.5,508.85714285714283,180.25,132.42857142857142,294.5,259.2857142857143,63.5,48.714285714285715,351,249.57142857142858,116.75,83.71428571428571
2022-07-25,0.745,0.849,121,15,83,7,38,8,603.3333333333334,453.14285714285717,183,118.85714285714286,292.3333333333333,245.42857142857142,69.33333333333333,46,311,207.71428571428572,113.66666666666667,72.85714285714286
2022-07-24,0.41,0.177,712,225,316,65,396,160,510.6666666666667,413.42857142857144,155.33333333333334,107,280.3333333333333,240.28571428571428,64,43.714285714285715,230.33333333333334,173.14285714285714,91.33333333333333,63.285714285714285
2022-07-23,0.372,0.568,383,109,236,56,147,53,504,385.7142857142857,134,90,251.5,218.28571428571428,40.5,33.714285714285715,252.5,167.42857142857142,93.5,56.285714285714285
2022-07-22,0.439,0.625,382,77,204,27,178,50,452.3333333333333,367.57142857142856,113.66666666666667,88.71428571428571,237.66666666666666,202.85714285714286,41.666666666666664,36.57142857142857,214.66666666666666,164.71428571428572,72,52.142857142857146
2022-07-21,0.326,0.492,296,43,187,16,109,27,390.75,379.7142857142857,92,90.42857142857143,209,208.57142857142858,33.75,37,181.75,171.14285714285714,58.25,53.42857142857143
2022-07-20,0.424,0.603,330,79,184,41,146,38,253.75,301.42857142857144,48,65.28571428571429,156.25,178.42857142857142,23.25,31,97.5,123,24.75,34.285714285714285
2022-07-19,0.525,0.391,349,73,210,44,139,29,270.8,295.14285714285717,67.8,70.71428571428571,168.2,175.57142857142858,38.6,37.285714285714285,102.6,119.57142857142857,29.2,33.42857142857143
2022-07-18,0.484,0.483,206,27,123,10,83,17,303,306.85714285714283,84.5,83.71428571428571,185.5,185.28571428571428,50,48.714285714285715,117.5,121.57142857142857,34.5,35
2022-07-17,0.581,0.497,164,49,105,23,59,26,304.4,313,92.8,93.14285714285714,185.2,188.42857142857142,56.8,54.714285714285715,119.2,124.57142857142857,36,38.42857142857143
2022-07-16,0.41,0.33,339,147,216,100,123,47,304.4,297.2857142857143,92.8,90.85714285714286,185.2,183.57142857142858,56.8,53.857142857142854,119.2,113.71428571428571,36,37
2022-07-15,0.421,0.237,464,168,272,107,192,61,264.8,269,89,88.14285714285714,161.6,166.71428571428572,53.6,51.57142857142857,103.2,102.28571428571429,35.4,36.57142857142857
2022-07-14,0.652,0.744,339,109,209,58,130,51,279.5,249.71428571428572,104.5,89.71428571428571,171.25,155.14285714285714,64.5,53.42857142857143,108.25,94.57142857142857,40,36.285714285714285
2022-07-13,0.681,0.55,220,63,150,35,70,28,318,237.57142857142858,123,87.57142857142857,193.33333333333334,143.28571428571428,78.33333333333333,50.42857142857143,124.66666666666667,94.28571428571429,44.666666666666664,37.142857142857146
2022-07-12,0.608,0.425,151,54,92,28,59,26,360.3333333333333,255.71428571428572,137.66666666666666,93.85714285714286,181.33333333333334,138.14285714285714,80,51.142857142857146,179,117.57142857142857,57.666666666666664,42.714285714285715
2022-07-11,0.881,0.921,71,38,42,23,29,15,514.3333333333334,321.7142857142857,205,122.71428571428571,208.66666666666666,149.85714285714286,86,53.714285714285715,305.6666666666667,171.85714285714286,119,69
2022-07-10,0.724,0.665,79,34,22,2,57,32,592.5,391.42857142857144,248,161,240.5,168,100,65.71428571428571,352,223.42857142857142,148,95.28571428571429
2022-07-09,0.534,0.403,466,191,180,105,286,86,585.4,439.57142857142856,252.2,190.42857142857142,244.8,184,106.2,79.42857142857143,340.6,255.57142857142858,146,111
2022-07-08,0.288,0.15,926,370,354,125,572,245,621,465,274.8,206.57142857142858,247.4,185.85714285714286,106.8,79.85714285714286,373.6,279.14285714285717,168,126.71428571428571
2022-07-07,0.522,0.393,827,377,336,142,491,235,596.5,522.5714285714286,270.1666666666667,236.42857142857142,232.16666666666666,202.14285714285714,99.66666666666667,85.71428571428571,364.3333333333333,320.42857142857144,170.5,150.71428571428572
2022-07-06,0.304,0.072,557,269,262,131,295,138,622.4285714285714,622.4285714285714,276.57142857142856,276.57142857142856,229.42857142857142,229.42857142857142,94.42857142857143,94.42857142857143,393,393,182.14285714285714,182.14285714285714
2022-07-05,0.199,0.177,329,167,105,31,224,136,628.4285714285714,628.4285714285714,272.14285714285717,272.14285714285717,220.14285714285714,220.14285714285714,80.85714285714286,80.85714285714286,408.2857142857143,408.2857142857143,191.28571428571428,191.28571428571428
2022-07-04,0.224,0.242,474,247,156,64,318,183,556.2857142857143,556.2857142857143,235.85714285714286,235.85714285714286,189.71428571428572,189.71428571428572,64.57142857142857,64.57142857142857,366.57142857142856,366.57142857142856,171.28571428571428,171.28571428571428
2022-07-03,0.34,0.054,778,315,213,63,565,252,458.57142857142856,458.57142857142856,190.14285714285714,190.14285714285714,151.28571428571428,151.28571428571428,45.42857142857143,45.42857142857143,307.2857142857143,307.2857142857143,144.71428571428572,144.71428571428572
2022-07-02,0.101,0.036,508,160,115,10,393,150,419.42857142857144,419.42857142857144,157.85714285714286,157.85714285714286,144.14285714285714,144.14285714285714,31.571428571428573,31.571428571428573,275.2857142857143,275.2857142857143,126.28571428571429,126.28571428571429
2022-07-01,0.139,0.076,421,116,141,11,280,105,417.42857142857144,417.42857142857144,141.14285714285714,141.14285714285714,161.14285714285714,161.14285714285714,29.285714285714285,29.285714285714285,256.2857142857143,256.2857142857143,111.85714285714286,111.85714285714286
2022-06-30,0.345,0.493,143,57,67,8,76,49,385.42857142857144,385.42857142857144,115.57142857142857,115.57142857142857,158.42857142857142,158.42857142857142,21.428571428571427,21.428571428571427,227,227,94.14285714285714,94.14285714285714
2022-06-29,0.125,0.126,283,43,212,34,71,9,320,283.2857142857143,82.33333333333333,72.85714285714286,149.33333333333334,132.42857142857142,14.5,13,170.66666666666666,150.85714285714286,67.83333333333333,59.857142857142854
2022-06-28,0.311,0.314,315,50,224,15,91,35,282.4,221,66.8,53.42857142857143,156.2,122.71428571428571,15.4,12.428571428571429,126.2,98.28571428571429,51.4,41
2022-06-27,0.473,0.448,250,68,137,9,113,59,247.75,170,54.5,40.714285714285715,160,108.85714285714286,16.5,12.857142857142858,87.75,61.142857142857146,38,27.857142857142858
2022-06-26,0.616,0.55,63,16,31,4,32,12,282.6666666666667,156,53.666666666666664,33.714285714285715,191,103.14285714285714,19.333333333333332,12,91.66666666666667,52.857142857142854,34.333333333333336,21.714285714285715
2022-06-25,0.605,0.812,72,24,47,6,25,18,282.5,135.14285714285714,59,34.857142857142854,180.5,83.85714285714286,12,10.285714285714286,102,51.285714285714285,47,24.571428571428573
2022-06-24,0.681,0.749,64,27,44,14,20,13,270.5,131.71428571428572,87.5,43,159.5,77.85714285714286,32,16,111,53.857142857142854,55.5,27
2022-06-23,0.854,0.935,45,8,27,2,18,6,316.5,144.85714285714286,105.5,48.142857142857146,163,78.85714285714286,41,18.571428571428573,153.5,66,64.5,29.571428571428573
2022-06-22,0.774,0.734,137,51,77,22,60,29,278.3333333333333,164.71428571428572,90,54.285714285714285,157,95.14285714285714,37,22.142857142857142,121.33333333333333,69.57142857142857,53,32.142857142857146
2022-06-21,0.346,0.153,291,107,182,55,109,52,278.3333333333333,168.14285714285714,90,54.714285714285715,157,96.85714285714286,37,21.428571428571427,121.33333333333333,71.28571428571429,53,33.285714285714285
2022-06-20,0.003,0.004,342,104,144,27,198,77,250,182.57142857142858,81.5,58.857142857142854,134.75,100.28571428571429,30.25,20.857142857142858,115.25,82.28571428571429,51.25,38
2022-06-19,0.084,0.121,202,59,145,29,57,30,250,186.85714285714286,81.5,59.57142857142857,134.75,103.85714285714286,30.25,21.571428571428573,115.25,83,51.25,38
2022-06-18,0.652,0.737,96,27,59,1,37,26,212.2,176,65.8,52.714285714285715,118.2,100.28571428571429,24.8,18.857142857142858,94,75.71428571428571,41,33.857142857142854
2022-06-17,0.603,0.464,165,56,68,10,97,46,173.6,148.42857142857142,50.2,41.57142857142857,94.6,83.42857142857143,16.6,13,79,65,33.6,28.571428571428573
2022-06-16,0.687,0.8,75,13,52,7,23,6,130.8,117.85714285714286,32.6,29,82.4,74.71428571428571,12,9.714285714285714,48.4,43.142857142857146,20.6,19.285714285714285
2022-06-15,0.628,0.492,61,3,52,3,9,0,133.2,119.57142857142857,29,26.428571428571427,75.8,70,9.4,7.857142857142857,57.4,49.57142857142857,19.6,18.571428571428573
2022-06-14,0.493,0.418,98,29,64,14,34,15,179.33333333333334,164.42857142857142,36.166666666666664,32.857142857142854,105.5,97.85714285714286,15.5,14.285714285714286,73.83333333333333,66.57142857142857,20.666666666666668,18.571428571428573
2022-06-13,0.253,0.209,128,16,83,4,45,12,221,200.14285714285714,41.666666666666664,37.57142857142857,121.83333333333333,111.85714285714286,22.333333333333332,20.142857142857142,99.16666666666667,88.28571428571429,19.333333333333332,17.428571428571427
2022-06-12,0.247,0.125,214,41,112,16,102,25,235.71428571428572,235.71428571428572,42.714285714285715,42.714285714285715,125.28571428571429,125.28571428571429,22,22,110.42857142857143,110.42857142857143,20.714285714285715,20.714285714285715
2022-06-11,0.262,0.12,410,72,254,46,156,26,251.28571428571428,251.28571428571428,46.857142857142854,46.857142857142854,127.14285714285714,127.14285714285714,21.857142857142858,21.857142857142858,124.14285714285714,124.14285714285714,25,25
2022-06-10,0.296,0.168,415,89,166,51,249,38,262.57142857142856,262.57142857142856,52,52,124.28571428571429,124.28571428571429,20.142857142857142,20.142857142857142,138.28571428571428,138.28571428571428,31.857142857142858,31.857142857142858
2022-06-09,0.342,0.417,324,49,146,20,178,29,271.7142857142857,271.7142857142857,51.857142857142854,51.857142857142854,125.28571428571429,125.28571428571429,21.428571428571427,21.428571428571427,146.42857142857142,146.42857142857142,30.428571428571427,30.428571428571427
2022-06-08,0.233,0.208,170,32,65,2,105,30,281.3333333333333,245.85714285714286,53.666666666666664,47.142857142857146,127.5,111.14285714285714,22.333333333333332,20.285714285714285,153.83333333333334,134.71428571428572,31.333333333333332,26.857142857142858
2022-06-07,0.372,0.425,177,65,44,2,133,63,236.16666666666666,207.14285714285714,44.333333333333336,39.142857142857146,93.16666666666667,81.71428571428571,17.333333333333332,16,143,125.42857142857143,27,23.142857142857142
2022-06-06,0.45,0.333,192,15,90,13,102,2,185.16666666666666,163.42857142857142,31.833333333333332,28.428571428571427,72.83333333333333,64.28571428571429,10,9.714285714285714,112.33333333333333,99.14285714285714,21.833333333333332,18.714285714285715
2022-06-05,0.8,0.753,33,8,13,8,20,0,139.5,124.28571428571429,25,22.571428571428573,51.833333333333336,46.285714285714285,7.5,7.571428571428571,87.66666666666667,78,17.5,15
2022-06-04,0.295,0.144,139,16,48,16,91,0,129.83333333333334,116,24.666666666666668,22.285714285714285,50.166666666666664,44.857142857142854,10,9.714285714285714,79.66666666666667,71.14285714285714,14.666666666666666,12.571428571428571
2022-06-03,0.347,0.363,109,14,44,7,65,7,116.5,104.57142857142857,15.5,14.428571428571429,54.5,48.57142857142857,11.333333333333334,10.857142857142858,62,56,4.166666666666667,3.5714285714285716
2022-06-02,0.299,0.193,50,8,20,5,30,3,101.4,93.57142857142857,15.6,14.857142857142858,47.4,43.285714285714285,11,9.857142857142858,54,50.285714285714285,4.6,5
2022-06-01,0.278,0.131,112,30,55,17,57,13,101.4,96.57142857142857,15.6,15,47.4,46.42857142857143,11,9.714285714285714,54,50.142857142857146,4.6,5.285714285714286
2022-05-31,0.482,0.415,97,10,70,10,27,0,92,82,15.5,13.285714285714286,47.25,43.142857142857146,9.75,7.714285714285714,44.75,38.857142857142854,5.75,5.571428571428571
2022-05-30,0.701,0.57,115,18,53,6,62,12,99,86,24.25,18.285714285714285,58.5,49.57142857142857,14,10.142857142857142,40.5,36.42857142857143,10.25,8.142857142857142
2022-05-29,0.73,0.658,54,9,35,7,19,2,115.33333333333333,92,29.666666666666668,21.428571428571427,71.33333333333333,55.285714285714285,17,11.714285714285714,44,36.714285714285715,12.666666666666666,9.714285714285714
2022-05-28,0.576,0.508,37,4,25,2,12,2,102.33333333333333,86.42857142857143,22.333333333333332,18.285714285714285,70.66666666666667,55,12.333333333333334,9.714285714285714,31.666666666666668,31.428571428571427,10,8.571428571428571
2022-05-27,0.509,0.337,137,49,89,24,48,25,105,87.14285714285714,28.5,18.571428571428573,71,57.57142857142857,13.5,9.714285714285714,34,29.571428571428573,15,8.857142857142858
2022-05-26,0.757,0.845,92,30,60,16,32,14,105,81.57142857142857,28.5,17,71,58.57142857142857,13.5,9.142857142857142,34,23,15,7.857142857142857
2022-05-25,0.512,0.371,73,8,53,3,20,5,105,77.71428571428571,28.5,16,71,55.714285714285715,13.5,8.285714285714286,34,22,15,7.714285714285714
2022-05-24,0.393,0.518,102,12,88,10,14,2,105,84.28571428571429,28.5,18.571428571428573,71,63.285714285714285,13.5,11.142857142857142,34,21,15,7.428571428571429
2022-05-23,0.828,0.744,76,7,60,2,16,5,118.5,88.14285714285714,19.5,16,72,63.57142857142857,8,9.571428571428571,46.5,24.571428571428573,11.5,6.428571428571429
2022-05-22,0.9,0.91,27,2,15,1,12,1,118.5,89.57142857142857,19.5,13.857142857142858,72,67.85714285714286,8,9.142857142857142,46.5,21.714285714285715,11.5,4.714285714285714
2022-05-21,0.761,0.698,83,22,78,22,5,0,164,91.42857142857143,31,16.428571428571427,91,72.28571428571429,13,12.428571428571429,73,19.142857142857142,18,4
2022-05-20,0.328,0.303,164,31,91,13,73,18,164,128.57142857142858,31,30.428571428571427,91,109.57142857142857,13,26.571428571428573,73,19,18,3.857142857142857
2022-05-19,0.344,0.512,102,15,90,13,12,2,174,144,36,35.285714285714285,123.5,123.28571428571429,24,31.285714285714285,50.5,20.714285714285715,12,4
2022-05-18,0.839,0.926,86,26,84,26,2,0,174,147.71428571428572,36,36.57142857142857,123.5,128.28571428571428,24,32.714285714285715,50.5,19.428571428571427,12,3.857142857142857
2022-05-17,0.428,0.591,362,110,349,109,13,1,174,138.71428571428572,36,33.42857142857143,123.5,119.85714285714286,24,29.571428571428573,50.5,18.857142857142858,12,3.857142857142857
2022-05-16,0.442,0.354,184,41,156,35,28,6,175.5,139.14285714285714,54,38.57142857142857,150.5,127.57142857142857,49,36.714285714285715,25,11.571428571428571,5,1.8571428571428572
2022-05-15,0.729,0.747,53,11,50,11,3,0,395.3333333333333,243.85714285714286,94.66666666666667,61.57142857142857,351,222.14285714285714,84.33333333333333,57,44.333333333333336,21.714285714285715,10.333333333333334,4.571428571428571
2022-05-14,0.831,0.843,20,0,19,0,1,0,351.5,263,82.25,64.28571428571429,305,234,69.75,57,46.5,29,12.5,7.285714285714286
2022-05-13,0.535,0.378,167,67,145,63,22,4,366,271.85714285714283,79.4,58.285714285714285,297,222,57.6,42.714285714285715,69,49.857142857142854,21.8,15.571428571428571
2022-05-12,0.033,0.045,835,176,752,155,83,21,426,314.7142857142857,87.4,64,304,227,53.8,40,122,87.71428571428571,33.6,24
2022-05-11,0.263,0.38,220,45,167,26,53,19,418.8333333333333,361.85714285714283,77.33333333333333,66.28571428571429,280,242.71428571428572,48.333333333333336,41.42857142857143,138.83333333333334,119.14285714285714,29,24.857142857142858
2022-05-10,0.28,0.389,424,68,265,9,159,59,449,449,81,81,278,278,44,44,171,171,37,37
2022-05-09,0.421,0.359,484,81,191,16,293,65,526.8571428571429,526.8571428571429,91.42857142857143,91.42857142857143,304.7142857142857,304.7142857142857,42.42857142857143,42.42857142857143,222.14285714285714,222.14285714285714,49,49
2022-05-08,0.221,0.169,383,27,160,21,223,6,526.5714285714286,526.5714285714286,82,82,258,258,24.714285714285715,24.714285714285715,268.57142857142856,268.57142857142856,57.285714285714285,57.285714285714285
2022-05-07,0.358,0.107,630,103,266,18,364,85,518.4285714285714,518.4285714285714,79.42857142857143,79.42857142857143,247.71428571428572,247.71428571428572,21.714285714285715,21.714285714285715,270.7142857142857,270.7142857142857,57.714285714285715,57.714285714285715
2022-05-06,0.119,0.093,712,140,332,52,380,88,490,490,74.57142857142857,74.57142857142857,229.42857142857142,229.42857142857142,21,21,260.57142857142856,260.57142857142856,53.57142857142857,53.57142857142857
2022-05-05,0.115,0.128,833,110,425,31,408,79,434.42857142857144,434.42857142857144,63.42857142857143,63.42857142857143,212.28571428571428,212.28571428571428,18.857142857142858,18.857142857142858,222.14285714285714,222.14285714285714,44.57142857142857,44.57142857142857
2022-05-04,0.562,0.453,163,27,95,5,68,22,392.2857142857143,392.2857142857143,60,60,198.28571428571428,198.28571428571428,15.857142857142858,15.857142857142858,194,194,44.142857142857146,44.142857142857146
2022-05-03,0.484,0.479,225,34,137,4,88,30,352.6666666666667,310.14285714285717,52.833333333333336,46.142857142857146,187,166.28571428571428,15.5,14.142857142857142,165.66666666666666,143.85714285714286,37.333333333333336,32
2022-05-02,0.389,0.392,95,3,71,1,24,2,280.8,216.14285714285714,35.4,27.428571428571427,158,126.42857142857143,8.2,8,122.8,89.71428571428571,27.2,19.428571428571427
2022-05-01,0.414,0.475,88,3,62,0,26,3,135.2,112.14285714285714,13.6,11.857142857142858,87.8,76.28571428571429,2,3.5714285714285716,47.4,35.857142857142854,11.6,8.285714285714286
2022-04-30,0.559,0.591,55,6,42,6,13,0,131.8,109.71428571428571,11.4,10.285714285714286,89.6,77.57142857142857,2.2,3.7142857142857144,42.2,32.142857142857146,9.2,6.571428571428571
2022-04-29,0.669,0.706,54,9,53,9,1,0,128,107,8.6,8.285714285714286,90.2,78,4.8,5.571428571428571,37.8,29,3.8,2.7142857142857144
2022-04-28,0.469,0.371,105,1,74,0,31,1,131.6,109.57142857142857,11.2,10.142857142857142,92.2,79.42857142857143,7.8,7.714285714285714,39.4,30.142857142857142,3.4,2.4285714285714284
2022-04-27,0.622,0.472,146,16,104,6,42,10,142.5,107.85714285714286,13.25,12.571428571428571,99.75,78.85714285714286,9.75,10.285714285714286,42.75,29,3.5,2.2857142857142856
2022-04-26,0.502,0.292,206,20,140,17,66,3,142.5,102.71428571428571,13.25,11.714285714285714,99.75,75,9.75,9.428571428571429,42.75,27.714285714285715,3.5,2.2857142857142856
2022-04-25,0.394,0.261,113,16,81,16,32,0,142.5,96.85714285714286,13.25,11,99.75,68.85714285714286,9.75,8.714285714285714,42.75,28,3.5,2.2857142857142856
2022-04-24,0.518,0.558,76,20,58,18,18,2,155,83.57142857142857,17.333333333333332,11.285714285714286,108.33333333333333,59.714285714285715,13,9.142857142857142,46.666666666666664,23.857142857142858,4.333333333333333,2.142857142857143
2022-04-23,0.847,0.848,19,0,15,0,4,0,159.5,71.71428571428571,18,10,110.5,51,16.5,9.142857142857142,49,20.714285714285715,1.5,0.8571428571428571
2022-04-22,0.942,0.914,13,4,10,4,3,0,113,57.142857142857146,16,7.571428571428571,81,45.42857142857143,16,7.142857142857143,32,11.714285714285714,0,0.42857142857142855
2022-04-21,0.92,0.933,12,3,10,3,2,0,NA,42,NA,5.714285714285714,NA,34.714285714285715,NA,5.285714285714286,NA,7.285714285714286,NA,0.42857142857142855
2022-04-20,0.917,0.951,63,7,43,6,20,1,NA,32.42857142857143,NA,2.857142857142857,NA,27.571428571428573,NA,2.7142857142857144,NA,4.857142857142857,NA,0.14285714285714285
2022-04-19,0.75,0.849,104,3,101,3,3,0,NA,32.857142857142854,NA,2.857142857142857,NA,27.285714285714285,NA,2.7142857142857144,NA,5.571428571428571,NA,0.14285714285714285
2022-04-18,0.98,0.99,7,3,6,3,1,0,263,68.57142857142857,8,3.4285714285714284,249,61.42857142857143,8,3.2857142857142856,14,7.142857142857143,0,0.14285714285714285
2022-04-17,0.973,0.996,9,0,8,0,1,0,263,104.14285714285714,8,5,249,96.28571428571429,8,4.857142857142857,14,7.857142857142857,0,0.14285714285714285
2022-04-16,0.869,0.823,22,0,13,0,9,0,263,110,8,5,249,105,8,5,14,5,0,0
2022-04-15,0.309,0.351,263,8,249,8,14,0,263,96.57142857142857,8,4.571428571428571,249,92,8,4.571428571428571,14,4.571428571428571,0,0
2022-04-14,0.75,0.95,261,14,254,14,7,0,263,117.71428571428571,8,5.714285714285714,249,100.85714285714286,8,5,14,16.857142857142858,0,0.7142857142857143
2022-04-13,0.781,0.987,104,7,104,7,0,0,263,126,8,6.142857142857143,249,102.14285714285714,8,5.428571428571429,14,23.857142857142858,0,0.7142857142857143
2022-04-12,0.927,0.917,10,0,10,0,0,0,263,143.28571428571428,8,10.857142857142858,249,108.42857142857143,8,6.142857142857143,14,34.857142857142854,0,4.714285714285714
2022-04-11,0.818,0.762,155,11,68,6,87,5,NA,148.71428571428572,NA,19.714285714285715,NA,95.57142857142857,NA,10.857142857142858,NA,53.142857142857146,NA,8.857142857142858
2022-04-10,0.805,0.706,67,3,17,3,50,0,523,186.14285714285714,56,25.714285714285715,238,93.28571428571429,21,11.857142857142858,285,92.85714285714286,35,13.857142857142858
2022-04-09,0.723,0.639,143,33,57,5,86,28,523,195.28571428571428,56,28.714285714285715,238,92.42857142857143,21,12.285714285714286,285,102.85714285714286,35,16.428571428571427
2022-04-08,0.692,0.753,301,70,159,41,142,29,523,202.28571428571428,56,29.428571428571427,238,93.42857142857143,21,12.428571428571429,285,108.85714285714286,35,17
2022-04-07,0.317,0.155,523,56,238,21,285,35,523,183.14285714285714,56,28.285714285714285,238,85.28571428571429,21,12,285,97.85714285714286,35,16.285714285714285
2022-04-06,0.648,0.613,168,28,98,10,70,18,523,186.85714285714286,56,28.714285714285715,238,84.14285714285714,21,11.857142857142858,285,102.71428571428571,35,16.857142857142858
2022-04-05,0.78,0.705,59,5,17,1,42,4,523,210.57142857142858,56,38.285714285714285,238,98.14285714285714,21,19.428571428571427,285,112.42857142857143,35,18.857142857142858
2022-04-04,0.779,0.756,21,3,11,3,10,0,523,203.71428571428572,56,32.285714285714285,238,101,21,15.142857142857142,285,102.71428571428571,35,17.142857142857142
2022-04-03,0.938,0.915,93,6,9,2,84,4,NA,150.71428571428572,NA,27.714285714285715,NA,82.57142857142857,NA,14.428571428571429,NA,68.14285714285714,NA,13.285714285714286
2022-04-02,0.779,0.663,309,100,155,58,154,42,NA,189.57142857142858,NA,31.714285714285715,NA,111.42857142857143,NA,14.857142857142858,NA,78.14285714285714,NA,16.857142857142858
2022-04-01,0.679,0.599,253,28,179,11,74,17,1289,365.2857142857143,226,63.285714285714285,1056,259.85714285714283,191,42,233,105.42857142857143,35,21.285714285714285
2022-03-31,0.884,0.846,152,24,109,16,43,8,1358,566.1428571428571,178,81.42857142857143,1191,447.7142857142857,150.5,57.285714285714285,167,118.42857142857143,27.5,24.142857142857142
2022-03-30,0.678,0.605,440,56,300,13,140,43,1358,590.2857142857143,178,84.14285714285714,1191,481.2857142857143,150.5,60.42857142857143,167,109,27.5,23.714285714285715
2022-03-29,0.412,0.294,1289,226,1056,191,233,35,1477.3333333333333,791.2857142857143,263.6666666666667,132,1173.3333333333333,621.7142857142857,150,73.42857142857143,304,169.57142857142858,113.66666666666667,58.57142857142857
2022-03-28,0.28,0.315,1427,130,1326,110,101,20,1430.5,939.4285714285714,242.75,153.71428571428572,1114.25,730,149.75,93.14285714285714,316.25,209.42857142857142,93,60.57142857142857
2022-03-27,0.656,0.797,262,25,244,24,18,1,1535.8,1197.2857142857142,262,198.71428571428572,1217.6,947.4285714285714,180.4,134.14285714285714,318.2,249.85714285714286,81.6,64.57142857142857
2022-03-26,0.206,0.195,1716,435,1138,149,578,286,1746.6666666666667,1534.5714285714287,277.1666666666667,241.14285714285714,1391.6666666666667,1227.7142857142858,196.33333333333334,171.71428571428572,355,306.85714285714283,80.83333333333333,69.42857142857143
2022-03-25,0.285,0.184,1290,180,937,149,353,31,1843.8333333333333,1617.857142857143,260.3333333333333,226.71428571428572,1477.6666666666667,1301.4285714285713,184.33333333333334,161.42857142857142,366.1666666666667,316.42857142857144,76,65.28571428571429
2022-03-24,0.073,0.039,1957,339,1631,303,326,36,1971.8333333333333,1727.5714285714287,275.1666666666667,239.42857142857142,1567.5,1378.4285714285713,196.83333333333334,172.14285714285714,404.3333333333333,349.14285714285717,78.33333333333333,67.28571428571429
2022-03-23,0.004,0.003,2801,353,2262,276,539,77,1898.5714285714287,1898.5714285714287,282.85714285714283,282.85714285714283,1490.2857142857142,1490.2857142857142,191.57142857142858,191.57142857142858,408.2857142857143,408.2857142857143,91.28571428571429,91.28571428571429
2022-03-22,0.025,0.039,1872,125,1572,119,300,6,1909.2857142857142,1909.2857142857142,250.71428571428572,250.71428571428572,1551,1551,195.71428571428572,195.71428571428572,358.2857142857143,358.2857142857143,55,55
2022-03-21,0.036,0.056,2195,219,1865,185,330,34,2012.5,1865.142857142857,262.5,233.14285714285714,1653.3333333333333,1548.142857142857,203.5,181.42857142857142,359.1666666666667,317,59,51.714285714285715
2022-03-20,0.288,0.312,1459,329,1027,160,432,169,1826.5,1705.7142857142858,221.83333333333334,198.28571428571428,1502,1418.4285714285713,159.5,143.71428571428572,324.5,287.2857142857143,62.333333333333336,54.57142857142857
2022-03-19,0.103,0.146,1791,210,1563,178,228,32,1426.5,1362.857142857143,168,152.14285714285714,1173.5,1136.857142857143,116,106.42857142857143,253,226,52,45.714285714285715
2022-03-18,0.394,0.579,981,57,917,49,64,8,1266.1666666666667,1225.4285714285713,156.16666666666666,142,1055.8333333333333,1036,104.66666666666667,96.71428571428571,210.33333333333334,189.42857142857142,51.5,45.285714285714285
2022-03-17,0.409,0.448,841,95,723,39,118,56,1080.4,989,143.6,116.14285714285714,894,835.8571428571429,88.6,72,186.4,153.14285714285714,55,44.142857142857146
2022-03-16,0.489,0.35,401,30,291,15,110,15,825,806.5714285714286,80.6,71.14285714285714,720.2,711.7142857142857,59.4,51.142857142857146,104.8,94.85714285714286,21.2,20
2022-03-15,0.162,0.214,910,54,866,51,44,3,502,575.8571428571429,39.2,41.57142857142857,441.2,512.4285714285714,24.4,26.142857142857142,60.8,63.42857142857143,14.8,15.428571428571429
2022-03-14,0.522,0.681,540,38,464,12,76,26,502,481.2857142857143,39.2,40.57142857142857,441.2,420.42857142857144,24.4,23.428571428571427,60.8,60.857142857142854,14.8,17.142857142857142
2022-03-13,0.634,0.469,182,14,158,14,24,0,417.25,367.85714285714283,25.25,27.714285714285715,370.75,322.42857142857144,20.75,18.571428571428573,46.5,45.42857142857143,4.5,9.142857142857142
2022-03-12,0.376,0.343,176,3,168,3,8,0,422.6666666666667,321.2857142857143,23.666666666666668,23.857142857142858,397.3333333333333,289.57142857142856,22.666666666666668,16.571428571428573,25.333333333333332,31.714285714285715,1,7.285714285714286
2022-03-11,0.514,0.641,319,50,273,30,46,20,179,193,8.5,16.428571428571427,163,166.85714285714286,8.5,9.428571428571429,16,26.142857142857142,0,7
2022-03-10,0.784,0.725,47,5,37,5,10,0,179,116.42857142857143,8.5,11.142857142857142,163,100.85714285714286,8.5,7.714285714285714,16,15.571428571428571,0,3.4285714285714284
2022-03-09,0.778,0.872,75,3,61,1,14,2,176,95,3,9.285714285714286,168,82.85714285714286,3,5.857142857142857,8,12.142857142857142,0,3.4285714285714284
2022-03-08,0.967,0.974,12,2,7,1,5,1,NA,81.5,NA,10.333333333333334,NA,68.66666666666667,NA,6.333333333333333,NA,12.833333333333334,NA,4
2022-03-07,0.986,0.983,4,1,2,0,2,1,NA,29.333333333333332,NA,2,NA,24.166666666666668,NA,1.3333333333333333,NA,5.166666666666667,NA,0.6666666666666666
2022-03-06,0.876,0.85,32,1,32,1,0,0,NA,22,NA,1.1666666666666667,NA,18.5,NA,0.5,NA,3.5,NA,0.6666666666666666
2022-03-05,0.986,0.997,NA,NA,NA,NA,NA,NA,NA,9.666666666666666,NA,0.6666666666666666,NA,8.5,NA,0.3333333333333333,NA,1.1666666666666667,NA,0.3333333333333333
2022-03-04,0.964,0.963,6,0,6,0,0,0,NA,8.333333333333334,NA,0.3333333333333333,NA,7.666666666666667,NA,0.16666666666666666,NA,0.6666666666666666,NA,0.16666666666666666
2022-03-03,0.975,1,3,0,3,0,0,0,NA,27,NA,3.6666666666666665,NA,19.666666666666668,NA,3.3333333333333335,NA,7.333333333333333,NA,0.3333333333333333
2022-03-02,0.983,0.979,1,0,1,0,0,0,NA,32,NA,5.5,NA,21.666666666666668,NA,4.5,NA,10.333333333333334,NA,1
2022-03-01,0.971,0.999,4,0,2,0,2,0,NA,42.285714285714285,NA,7.857142857142857,NA,25.142857142857142,NA,4.285714285714286,NA,17.142857142857142,NA,3.5714285714285716
2022-02-28,0.608,0.66,116,21,74,19,42,2,NA,59.285714285714285,NA,8,NA,38,NA,4.285714285714286,NA,21.285714285714285,NA,3.7142857142857144
2022-02-27,0.741,0.751,62,12,44,8,18,4,NA,73.14285714285714,NA,13.571428571428571,NA,46.42857142857143,NA,5.571428571428571,NA,26.714285714285715,NA,8
2022-02-26,0.649,0.702,104,22,46,3,58,19,NA,85.16666666666667,NA,15.833333333333334,NA,54,NA,6.5,NA,31.166666666666668,NA,9.333333333333334
2022-02-25,0.591,0.622,125,1,96,0,29,1,NA,101.4,NA,19,NA,64.4,NA,7.8,NA,37,NA,11.2
2022-02-24,0.795,0.737,100,39,62,9,38,30,NA,97.75,NA,18.5,NA,62,NA,5,NA,35.75,NA,13.5
2022-02-23,0.555,0.403,NA,NA,NA,NA,NA,NA,NA,109.66666666666667,NA,20.666666666666668,NA,68,NA,4,NA,41.666666666666664,NA,16.666666666666668
