latitude,longitude,brightness,scan,track,acq_date,acq_time,satellite,confidence,version,bright_t31,frp,daynight,instrument
48.90208,28.5429,301.03,1.08,1.04,2026-05-28,07:22:00,T,14,6.1NRT,288.97,4.12,D,MODIS
48.7643,28.76415,301.45,1.07,1.03,2026-05-28,07:22:00,T,25,6.1NRT,290.7,4.14,D,MODIS
48.92873,27.74176,300.76,1.15,1.07,2026-05-28,07:22:00,T,31,6.1NRT,289.83,5.04,D,MODIS
49.01459,28.29366,300.76,1.1,1.05,2026-05-28,07:22:00,T,9,6.1NRT,289.33,3.84,D,MODIS
47.85524,33.44265,313.43,1.09,1.04,2026-05-28,07:24:00,T,39,6.1NRT,296.75,8.54,D,MODIS
47.86425,33.44593,317.86,1.09,1.04,2026-05-28,07:24:00,T,67,6.1NRT,299.56,13.19,D,MODIS
51.73553,25.9658,366.19,1.1,1.05,2026-05-28,13:10:00,A,100,6.1NRT,295.73,120.25,D,MODIS
51.7374,25.98117,327.06,1.1,1.05,2026-05-28,13:10:00,A,80,6.1NRT,289.53,28.54,D,MODIS
50.45514,34.30707,303.09,2.02,1.38,2026-05-28,18:32:00,T,53,6.1NRT,279.33,25.16,N,MODIS
